Data da Geração: 23/12/2025;;;;;;;;;;;;;;;;;;;;;;;
Código do Contrato: 976;;;;;;;;;;;;;;;;;;;;;;;
Nome do Contrato:;;;;;;;;;;;;;;;;;;;;;;;
Cliente: CENTAURO ENGENHARIA E INFORMATICA LTDA - EPP;;;;;;;;;;;;;;;;;;;;;;;
Código da Fatura: 408570;;;;;;;;;;;;;;;;;;;;;;;
Mês de referência: dez./2025;;;;;;;;;;;;;;;;;;;;;;;
Período apurado: 01/12/2025 à 31/12/2025;;;;;;;;;;;;;;;;;;;;;;;
Vencimento: 05/01/2026;;;;;;;;;;;;;;;;;;;;;;;
Status da fatura: Aberto;;;;;;;;;;;;;;;;;;;;;;;
Código;Data da Transação;Hora da Transação;Data do Processamento;Tipo de Transação;Data da ativação;Quantidade de requisições;Placa;Tipo de Veículo;Marca do Veículo;Modelo do Veículo;TAG;Tipo de Tag;Apelido;Hierarquia;Categoria Cadastrada;Categoria cobrada;Estabelecimento;Endereço;Valor da Transação(R$);Valor utilizado de vale-pedágio(R$);Valor cobrado(R$);Valor Pago;MDF-e
cd181c24-a800-44d8-84e1-38dada2187a0;01/12/2025;07:20:20;01/12/2025 07:21:19;Pedágio;;;TOL4D72;Passeio;FIAT;STRADA FREEDOM CD13;"6790100009073916	";Tag;STRADA FREEDOM CD13;;2 eixos rodagem simples;2 eixos rodagem simples;Ecovias Rio Minas;BR-493, KM 112+700, Itaguaí - RJ;-9,98;0,00;-9,98;;Não
dbca6c39-eb4c-4a61-819a-1faa4b9b2d2f;01/12/2025;07:30:08;01/12/2025 07:34:30;Pedágio;;;TOL4D72;Passeio;FIAT;STRADA FREEDOM CD13;"6790100009073916	";Tag;STRADA FREEDOM CD13;;2 eixos rodagem simples;2 eixos rodagem simples;Ecovias Rio Minas;BR-116, KM 207+100, Seropédica - RJ;-15,58;0,00;-15,58;;Não
46a0b131-38d2-48cd-9218-a9a3b3911628;01/12/2025;07:39:56;01/12/2025 07:41:04;Pedágio;;;LQS5041;Passeio;FIAT;UNO;"6790100000232487	";Tag;UNO;;2 eixos rodagem simples;2 eixos rodagem simples;Ecovias Rio Minas;BR-116, KM 207+100, Seropédica - RJ;-15,58;0,00;-15,58;;Não
2fc7a493-b079-408a-bee3-22f98f5b343c;01/12/2025;07:41:21;01/12/2025 07:42:15;Pedágio;;;QXL0J20;Passeio;RENAULT;KWID;"6790100003644134	";Tag;KWID;;2 eixos rodagem simples;2 eixos rodagem simples;Ecovias Rio Minas;BR-493, KM 112+700, Itaguaí - RJ;-9,98;0,00;-9,98;;Não
319b92dd-5077-4115-b86c-2b06572b7f61;01/12/2025;09:42:58;01/12/2025 09:43:36;Pedágio;;;TOJ0A44;Passeio;FIAT;FIAT ARGO;"6790100009571836	";Tag;FIAT ARGO;;2 eixos rodagem simples;2 eixos rodagem simples;Ecovias Rio Minas;BR-493, KM 112+700, Itaguaí - RJ;-9,98;0,00;-9,98;;Não
e24f6087-beee-49a4-a48c-df8c596ce37a;01/12/2025;09:49:43;01/12/2025 09:49:58;Pedágio;;;TOJ0A45;Passeio;FIAT;FIAT ARGO;"6790100009571695	";Tag;FIAT ARGO;;2 eixos rodagem simples;2 eixos rodagem simples;Ecovias Ponte;Ponte Presidente Costa e Silva, KM 322+000, Niterói - RJ;-6,20;0,00;-6,20;;Não
709ef723-06f9-4662-8191-df803553768a;01/12/2025;09:52:29;01/12/2025 10:03:51;Pedágio;;;TOJ0A44;Passeio;FIAT;FIAT ARGO;"6790100009571836	";Tag;FIAT ARGO;;2 eixos rodagem simples;2 eixos rodagem simples;RioSP;Rodovia Rio Santos, KM 419+900, Itaguaí - RJ;-4,56;0,00;-4,56;;Não
ceba77aa-b5e6-406f-8b1a-4bc59af75f3a;01/12/2025;10:24:39;01/12/2025 10:36:28;Pedágio;;;TOJ0A44;Passeio;FIAT;FIAT ARGO;"6790100009571836	";Tag;FIAT ARGO;;2 eixos rodagem simples;2 eixos rodagem simples;RioSP;Rodovia Rio Santos, KM 447+300, Mangaratiba - RJ;-4,56;0,00;-4,56;;Não
e10ae5d5-54b0-433a-8abb-b0fc2f4c1126;01/12/2025;11:14:39;01/12/2025 12:17:07;Pedágio;;;TOJ0A45;Passeio;FIAT;FIAT ARGO;"6790100009571695	";Tag;FIAT ARGO;;2 eixos rodagem simples;2 eixos rodagem simples;ViaLagos;RJ-124, KM 021+500, Rio Bonito - RJ;-30,60;0,00;-30,60;;Não
24e090ce-d693-4095-832d-951863bcdb42;01/12/2025;13:18:26;01/12/2025 13:18:50;Pedágio;;;TOJ0A40;Passeio;FIAT;FIAT ARGO;"6790100009572370	";Tag;FIAT ARGO;;2 eixos rodagem simples;2 eixos rodagem simples;Ecovias Rio Minas;BR-116, KM 118+200, Magé - RJ;-18,34;0,00;-18,34;;Não
4f1749c6-5298-48ec-9c67-8cc3066c6c59;01/12/2025;15:03:03;01/12/2025 15:03:25;Pedágio;;;KZP9I09;Passeio;CHEVROLET;s10;"6790100001694933	";Tag;s10;;2 eixos rodagem simples;3 eixos rodagem simples;Ecovias Capixaba;BR-101, KM 241+700, Serra - ES;-5,99;0,00;-5,99;;Não
22365f99-daa4-4068-80ee-5a1be13f57f1;01/12/2025;15:05:35;01/12/2025 15:06:48;Pedágio;;;TOJ0A45;Passeio;FIAT;FIAT ARGO;"6790100009571695	";Tag;FIAT ARGO;;2 eixos rodagem simples;2 eixos rodagem simples;Autopista Fluminense;BR-101, KM 299+000, São Gonçalo - RJ;-7,50;0,00;-7,50;;Não
41194def-4544-422b-b6be-8c04079023e6;01/12/2025;14:21:18;01/12/2025 16:48:11;Pedágio;;;TOJ0A45;Passeio;FIAT;FIAT ARGO;"6790100009571695	";Tag;FIAT ARGO;;2 eixos rodagem simples;2 eixos rodagem simples;ViaLagos;RJ-124, KM 021+500, Rio Bonito - RJ;-18,40;0,00;-18,40;;Não
7a142a0e-ab6a-4eaf-82ca-31e31888f26b;01/12/2025;17:05:48;01/12/2025 17:17:01;Pedágio;;;TOL4D72;Passeio;FIAT;STRADA FREEDOM CD13;"6790100009073916	";Tag;STRADA FREEDOM CD13;;2 eixos rodagem simples;2 eixos rodagem simples;Ecovias Rio Minas;BR-116, KM 207+100, Seropédica - RJ;-15,58;0,00;-15,58;;Não
df28e059-53bd-45b8-8809-877ee94de2b1;01/12/2025;17:05:52;01/12/2025 17:17:05;Pedágio;;;PUC3186;Passeio;FIAT;UNO VIVACE 1.0;"6790100000821776	";Tag;UNO VIVACE;;2 eixos rodagem simples;2 eixos rodagem simples;Ecovias Rio Minas;BR-116, KM 207+100, Seropédica - RJ;-15,58;0,00;-15,58;;Não
48813657-1a53-4ec3-9430-a8390153645b;01/12/2025;17:05:50;01/12/2025 17:17:07;Pedágio;;;LQS5041;Passeio;FIAT;UNO;"6790100000232487	";Tag;UNO;;2 eixos rodagem simples;2 eixos rodagem simples;Ecovias Rio Minas;BR-116, KM 207+100, Seropédica - RJ;-15,58;0,00;-15,58;;Não
42457c77-22ad-4f32-82bf-672f86dc2f10;01/12/2025;19:39:46;01/12/2025 19:39:54;Pedágio;;;TOL4D70;Passeio;FIAT;STRADA FREEDOM CD13;"6790100010321288	";Tag;STRADA FREEDOM CD13;;2 eixos rodagem simples;2 eixos rodagem simples;Ecovias Ponte;Ponte Presidente Costa e Silva, KM 322+000, Niterói - RJ;-6,20;0,00;-6,20;;Não
8804572e-c1fb-4040-bfc3-2126b9ee5e64;01/12/2025;18:56:33;02/12/2025 02:45:56;Pedágio;;;TOJ0A44;Passeio;FIAT;FIAT ARGO;"6790100009571836	";Tag;FIAT ARGO;;2 eixos rodagem simples;2 eixos rodagem simples;RioSP;Rodovia Rio Santos, KM 447+300, Mangaratiba - RJ;-4,56;0,00;-4,56;;Não
859b8eac-59d2-4ef8-ad52-2415bc8018fb;01/12/2025;19:23:51;02/12/2025 02:45:59;Pedágio;;;TOJ0A44;Passeio;FIAT;FIAT ARGO;"6790100009571836	";Tag;FIAT ARGO;;2 eixos rodagem simples;2 eixos rodagem simples;RioSP;Rodovia Rio Santos, KM 419+900, Itaguaí - RJ;-4,56;0,00;-4,56;;Não
237f9519-2052-4cb8-a07c-7696afd50afb;02/12/2025;07:10:14;02/12/2025 07:10:59;Pedágio;;;RTG4I96;Passeio;FIAT;STRADA FREEDOM;"6790100005918593	";Tag;STRADA FREEDOM;;2 eixos rodagem simples;2 eixos rodagem simples;Ecovias Rio Minas;BR-493, KM 112+700, Itaguaí - RJ;-9,98;0,00;-9,98;;Não
7a01acf4-9445-4f9a-87a4-af0b4a79652e;02/12/2025;07:19:44;02/12/2025 07:36:05;Pedágio;;;RTG4I96;Passeio;FIAT;STRADA FREEDOM;"6790100005918593	";Tag;STRADA FREEDOM;;2 eixos rodagem simples;2 eixos rodagem simples;RioSP;Rodovia Rio Santos, KM 419+900, Itaguaí - RJ;-4,56;0,00;-4,56;;Não
0291397d-c68c-4bc7-90e6-0e5fe949bb3d;02/12/2025;07:26:52;02/12/2025 07:36:11;Pedágio;;;QXL0J20;Passeio;RENAULT;KWID;"6790100003644134	";Tag;KWID;;2 eixos rodagem simples;2 eixos rodagem simples;RioSP;Rodovia Rio Santos, KM 419+900, Itaguaí - RJ;-4,56;0,00;-4,56;;Não
101d99a4-d083-4979-af63-979fc774816a;02/12/2025;08:21:28;02/12/2025 08:21:43;Pedágio;;;GCK9D18;Passeio;FIAT;PALIO WEEKEND;"6790100008630617	";Tag;FIAT PALIO WEEKEND;;2 eixos rodagem simples;2 eixos rodagem simples;Ecovias Capixaba;BR-101, KM 320+800, Guarapari - ES;-4,09;0,00;-4,09;;Não
a0bd1673-f088-46e6-ab59-fded77d64dec;02/12/2025;09:56:11;02/12/2025 09:56:23;Pedágio;;;TOJ0A45;Passeio;FIAT;FIAT ARGO;"6790100009571695	";Tag;FIAT ARGO;;2 eixos rodagem simples;2 eixos rodagem simples;Ecovias Ponte;Ponte Presidente Costa e Silva, KM 322+000, Niterói - RJ;-6,20;0,00;-6,20;;Não
e9cb3eb5-0409-48c3-ab2c-0672683030ab;02/12/2025;10:26:30;02/12/2025 10:26:47;Pedágio;;;TOJ0A44;Passeio;FIAT;FIAT ARGO;"6790100009571836	";Tag;FIAT ARGO;;2 eixos rodagem simples;2 eixos rodagem simples;Ecovias Ponte;Ponte Presidente Costa e Silva, KM 322+000, Niterói - RJ;-6,20;0,00;-6,20;;Não
be8b9a1d-971d-4d22-9c9b-ff76aeda8f61;02/12/2025;10:43:11;02/12/2025 10:53:03;Pedágio;;;TOJ0A45;Passeio;FIAT;FIAT ARGO;"6790100009571695	";Tag;FIAT ARGO;;2 eixos rodagem simples;2 eixos rodagem simples;Rota 116;RJ-116, KM 002+000, Itaboraí - RJ;-9,60;0,00;-9,60;;Não
78dceb2d-bd37-4a10-ab17-1ac8fa14199f;02/12/2025;11:34:23;02/12/2025 11:34:40;Pedágio;;;TOJ0A44;Passeio;FIAT;FIAT ARGO;"6790100009571836	";Tag;FIAT ARGO;;2 eixos rodagem simples;2 eixos rodagem simples;Autopista Fluminense;BR-101, KM 252+000, Rio Bonito - RJ;-7,50;0,00;-7,50;;Não
55bc53d9-6416-46e2-949c-77a22b56bf83;02/12/2025;11:32:34;02/12/2025 11:53:08;Pedágio;;;TOJ0A45;Passeio;FIAT;FIAT ARGO;"6790100009571695	";Tag;FIAT ARGO;;2 eixos rodagem simples;2 eixos rodagem simples;Rota 116;RJ-116, KM 049+000, Cachoeiras de Macacu - RJ;-9,60;0,00;-9,60;;Não
021ca9cb-3ac9-4740-95bb-a44a7d0e669f;02/12/2025;13:16:09;02/12/2025 13:17:15;Pedágio;;;TOJ0A44;Passeio;FIAT;FIAT ARGO;"6790100009571836	";Tag;FIAT ARGO;;2 eixos rodagem simples;2 eixos rodagem simples;Autopista Fluminense;BR-101, KM 192+000, Casimiro de Abreu - RJ;-7,50;0,00;-7,50;;Não
b16ab08b-3770-4f34-931b-5859b0d67358;02/12/2025;16:40:04;02/12/2025 16:53:22;Pedágio;;;TOJ0A45;Passeio;FIAT;FIAT ARGO;"6790100009571695	";Tag;FIAT ARGO;;2 eixos rodagem simples;2 eixos rodagem simples;Rota 116;RJ-116, KM 049+000, Cachoeiras de Macacu - RJ;-9,60;0,00;-9,60;;Não
c3f85e5b-05d4-4994-bea2-99e6ef5b46af;02/12/2025;16:57:06;02/12/2025 16:58:03;Pedágio;;;RTG4I96;Passeio;FIAT;STRADA FREEDOM;"6790100005918593	";Tag;STRADA FREEDOM;;2 eixos rodagem simples;2 eixos rodagem simples;Ecovias Rio Minas;BR-493, KM 112+700, Itaguaí - RJ;-9,61;0,00;-9,61;;Não
287de300-b3fc-4e9d-9f61-6e362109f729;02/12/2025;17:18:55;02/12/2025 17:19:06;Pedágio;;;TOL4D70;Passeio;FIAT;STRADA FREEDOM CD13;"6790100010321288	";Tag;STRADA FREEDOM CD13;;2 eixos rodagem simples;2 eixos rodagem simples;Ecovias Ponte;Ponte Presidente Costa e Silva, KM 322+000, Niterói - RJ;-6,20;0,00;-6,20;;Não
7f7c1566-e299-4394-8b8b-1bd2b75fb38a;02/12/2025;16:44:51;02/12/2025 17:20:32;Pedágio;;;RTG4I96;Passeio;FIAT;STRADA FREEDOM;"6790100005918593	";Tag;STRADA FREEDOM;;2 eixos rodagem simples;2 eixos rodagem simples;RioSP;Rodovia Rio Santos, KM 419+900, Itaguaí - RJ;-4,56;0,00;-4,56;;Não
451ca62c-e4a2-4715-9659-bc9c06159642;02/12/2025;16:46:03;02/12/2025 17:20:34;Pedágio;;;QXL0J20;Passeio;RENAULT;KWID;"6790100003644134	";Tag;KWID;;2 eixos rodagem simples;2 eixos rodagem simples;RioSP;Rodovia Rio Santos, KM 419+900, Itaguaí - RJ;-4,56;0,00;-4,56;;Não
c3833edd-be94-4685-8366-a7c25efbf56d;02/12/2025;17:53:28;02/12/2025 17:54:33;Pedágio;;;TOJ0A45;Passeio;FIAT;FIAT ARGO;"6790100009571695	";Tag;FIAT ARGO;;2 eixos rodagem simples;2 eixos rodagem simples;Autopista Fluminense;BR-101, KM 299+000, São Gonçalo - RJ;-7,50;0,00;-7,50;;Não
d60a8f68-0a23-43fb-be84-32bb5a0ec72f;02/12/2025;17:25:41;02/12/2025 17:58:12;Pedágio;;;TOJ0A45;Passeio;FIAT;FIAT ARGO;"6790100009571695	";Tag;FIAT ARGO;;2 eixos rodagem simples;2 eixos rodagem simples;Rota 116;RJ-116, KM 002+000, Itaboraí - RJ;-9,60;0,00;-9,60;;Não
8ebb6bbc-7954-44df-ac70-cdf8a1a59ef6;02/12/2025;18:00:36;02/12/2025 18:00:54;Pedágio;;;GCK9D18;Passeio;FIAT;PALIO WEEKEND;"6790100008630617	";Tag;FIAT PALIO WEEKEND;;2 eixos rodagem simples;2 eixos rodagem simples;Ecovias Capixaba;BR-101, KM 320+800, Guarapari - ES;-4,09;0,00;-4,09;;Não
2c2d6970-1797-4d90-b99b-6210dee19f92;03/12/2025;08:16:29;03/12/2025 08:17:02;Pedágio;;;NAX6H44;Passeio;RENAULT;KWID;"6790100005918650	";Tag;KWID;;2 eixos rodagem simples;2 eixos rodagem simples;Ecovias Rio Minas;BR-116, KM 207+100, Seropédica - RJ;-15,58;0,00;-15,58;;Não
fa32da4b-9235-4373-aefa-31c747635eba;03/12/2025;08:40:47;03/12/2025 08:41:13;Pedágio;;;TOL4D72;Passeio;FIAT;STRADA FREEDOM CD13;"6790100009073916	";Tag;STRADA FREEDOM CD13;;2 eixos rodagem simples;2 eixos rodagem simples;Ecovias Rio Minas;BR-493, KM 112+700, Itaguaí - RJ;-9,61;0,00;-9,61;;Não
9005579a-d9db-4fed-bfb4-99ae14a2b4b4;03/12/2025;08:50:53;03/12/2025 08:51:14;Pedágio;;;TOL4D72;Passeio;FIAT;STRADA FREEDOM CD13;"6790100009073916	";Tag;STRADA FREEDOM CD13;;2 eixos rodagem simples;2 eixos rodagem simples;Ecovias Rio Minas;BR-116, KM 207+100, Seropédica - RJ;-14,57;0,00;-14,57;;Não
5c49bc77-9416-41ca-b345-98541e472a6d;03/12/2025;11:25:50;04/12/2025 03:13:00;Pedágio;;;TOJ0A40;Passeio;FIAT;FIAT ARGO;"6790100009572370	";Tag;FIAT ARGO;;2 eixos rodagem simples;2 eixos rodagem simples;Autopista Fluminense;BR-101, KM 192+000, Casimiro de Abreu - RJ;-7,50;0,00;-7,50;;Não
2404314d-e94a-4949-bdd5-dc770904f00c;04/12/2025;09:30:25;04/12/2025 09:30:44;Pedágio;;;TOJ0A40;Passeio;FIAT;FIAT ARGO;"6790100009572370	";Tag;FIAT ARGO;;2 eixos rodagem simples;2 eixos rodagem simples;Ecovias Ponte;Ponte Presidente Costa e Silva, KM 322+000, Niterói - RJ;-6,20;0,00;-6,20;;Não
55ed8501-febd-4778-80fc-292ea088d941;04/12/2025;10:02:20;04/12/2025 10:02:45;Pedágio;;;TOJ0A45;Passeio;FIAT;FIAT ARGO;"6790100009571695	";Tag;FIAT ARGO;;2 eixos rodagem simples;2 eixos rodagem simples;Ecovias Rio Minas;BR-116, KM 118+200, Magé - RJ;-18,34;0,00;-18,34;;Não
4d650d5f-fe2c-4ca7-ba7c-563b8c4d2b87;04/12/2025;10:42:43;04/12/2025 10:42:55;Pedágio;;;LLV7582;Passeio;FIAT;STRADA;"6790100005920235	";Tag;STRADA;;2 eixos rodagem simples;2 eixos rodagem simples;LAMSA;Avenida Governador Carlos Lacerda, KM 004+000, Rio de Janeiro - RJ;-3,80;0,00;-3,80;;Não
5c49bc77-9416-41ca-b345-98541e472a6d;03/12/2025;11:25:50;04/12/2025 10:50:51;Estorno Pedágio;;;TOJ0A40;Passeio;FIAT;FIAT ARGO;"6790100009572370	";Tag;FIAT ARGO;;2 eixos rodagem simples;2 eixos rodagem simples;Autopista Fluminense;BR-101, KM 192+000, Casimiro de Abreu - RJ;7,50;0,00;7,50;;Não
868a0556-1bee-484e-9ad7-437da9d4880a;04/12/2025;10:44:54;04/12/2025 11:17:01;Pedágio;;;TOJ0A40;Passeio;FIAT;FIAT ARGO;"6790100009572370	";Tag;FIAT ARGO;;2 eixos rodagem simples;2 eixos rodagem simples;ViaLagos;RJ-124, KM 021+500, Rio Bonito - RJ;-18,40;0,00;-18,40;;Não
e117e2ec-4d6c-453f-a5a6-94c60918f1d8;04/12/2025;13:05:04;04/12/2025 13:05:32;Pedágio;;;LQS5041;Passeio;FIAT;UNO;"6790100000232487	";Tag;UNO;;2 eixos rodagem simples;2 eixos rodagem simples;Elovias;BR-040, KM 102+000, Duque de Caxias - RJ;-19,95;0,00;-19,95;;Não
45839047-39a3-4549-a872-8ffc3d3b368e;03/12/2025;12:14:29;04/12/2025 14:03:14;Pedágio;;;TOJ0A40;Passeio;FIAT;FIAT ARGO;"6790100009572370	";Tag;FIAT ARGO;;2 eixos rodagem simples;2 eixos rodagem simples;Autopista Fluminense;BR-101, KM 252+000, Rio Bonito - RJ;-7,50;0,00;-7,50;;Não
45839047-39a3-4549-a872-8ffc3d3b368e;03/12/2025;12:14:29;04/12/2025 15:00:38;Estorno Pedágio;;;TOJ0A40;Passeio;FIAT;FIAT ARGO;"6790100009572370	";Tag;FIAT ARGO;;2 eixos rodagem simples;2 eixos rodagem simples;Autopista Fluminense;BR-101, KM 252+000, Rio Bonito - RJ;7,50;0,00;7,50;;Não
e07b59bf-bb7c-4cb0-8978-b832e8a2fc8b;04/12/2025;15:02:15;04/12/2025 15:02:47;Pedágio;;;TOJ0A40;Passeio;FIAT;FIAT ARGO;"6790100009572370	";Tag;FIAT ARGO;;2 eixos rodagem simples;2 eixos rodagem simples;Autopista Fluminense;BR-101, KM 252+000, Rio Bonito - RJ;-7,50;0,00;-7,50;;Não
274d075d-7fef-47a3-a33c-18b812088559;04/12/2025;15:15:01;04/12/2025 15:15:37;Pedágio;;;LQS5041;Passeio;FIAT;UNO;"6790100000232487	";Tag;UNO;;2 eixos rodagem simples;2 eixos rodagem simples;Elovias;BR-040, KM 102+000, Duque de Caxias - RJ;-19,95;0,00;-19,95;;Não
e45f32e0-83e4-4e0c-9cc1-dcb1b85c1a11;04/12/2025;15:14:45;04/12/2025 15:15:49;Pedágio;;;TOJ0A45;Passeio;FIAT;FIAT ARGO;"6790100009571695	";Tag;FIAT ARGO;;2 eixos rodagem simples;2 eixos rodagem simples;Ecovias Rio Minas;BR-116, KM 118+200, Magé - RJ;-18,34;0,00;-18,34;;Não
78cd1196-faee-4cc5-9e9b-0e26da84115e;04/12/2025;15:33:12;04/12/2025 15:34:02;Pedágio;;;TOJ0A40;Passeio;FIAT;FIAT ARGO;"6790100009572370	";Tag;FIAT ARGO;;2 eixos rodagem simples;2 eixos rodagem simples;Autopista Fluminense;BR-101, KM 299+000, São Gonçalo - RJ;-7,50;0,00;-7,50;;Não
e6482beb-f2d9-4571-9373-7c69ae7ba635;04/12/2025;15:35:18;04/12/2025 16:27:50;Pedágio;;;LLV7582;Passeio;FIAT;STRADA;"6790100005920235	";Tag;STRADA;;2 eixos rodagem simples;2 eixos rodagem simples;ViaRio;Corredor Presidente Tancredo Neves, KM 004+500, Rio de Janeiro - RJ;-8,95;0,00;-8,95;;Não
f4898b6e-f72d-43f6-9e0d-4cc425840390;04/12/2025;19:13:19;04/12/2025 22:54:18;Pedágio;;;TOL4D70;Passeio;FIAT;STRADA FREEDOM CD13;"6790100010321288	";Tag;STRADA FREEDOM CD13;;2 eixos rodagem simples;2 eixos rodagem simples;Ecovias Ponte;Ponte Presidente Costa e Silva, KM 322+000, Niterói - RJ;-6,20;0,00;-6,20;;Não
25fa4992-8df3-4c36-b1ce-545ad2ab583d;05/12/2025;07:48:01;05/12/2025 07:49:07;Pedágio;;;RTG4I96;Passeio;FIAT;STRADA FREEDOM;"6790100005918593	";Tag;STRADA FREEDOM;;2 eixos rodagem simples;2 eixos rodagem simples;Ecovias Rio Minas;BR-493, KM 112+700, Itaguaí - RJ;-9,61;0,00;-9,61;;Não
61b9ae0c-da17-4621-8910-97f5d285b362;05/12/2025;08:16:54;05/12/2025 08:17:07;Pedágio;;;TOL4D72;Passeio;FIAT;STRADA FREEDOM CD13;"6790100009073916	";Tag;STRADA FREEDOM CD13;;2 eixos rodagem simples;2 eixos rodagem simples;Elovias;BR-040, KM 102+000, Duque de Caxias - RJ;-19,95;0,00;-19,95;;Não
83b7a1ee-0c23-43ab-af3f-aa9d9b0fbce7;05/12/2025;08:23:58;05/12/2025 08:24:10;Pedágio;;;NAX6H44;Passeio;RENAULT;KWID;"6790100005918650	";Tag;KWID;;2 eixos rodagem simples;2 eixos rodagem simples;Ecovias Ponte;Ponte Presidente Costa e Silva, KM 322+000, Niterói - RJ;-6,20;0,00;-6,20;;Não
0346411b-3d47-4828-8f6d-47a99860bbf8;05/12/2025;09:55:53;05/12/2025 09:57:16;Pedágio;;;TOJ0A45;Passeio;FIAT;FIAT ARGO;"6790100009571695	";Tag;FIAT ARGO;;2 eixos rodagem simples;2 eixos rodagem simples;Ecovias Rio Minas;BR-116, KM 207+100, Seropédica - RJ;-15,58;0,00;-15,58;;Não
e911866f-008c-450f-874a-e5b2492658f2;05/12/2025;09:59:28;05/12/2025 09:59:38;Pedágio;;;TOJ0A40;Passeio;FIAT;FIAT ARGO;"6790100009572370	";Tag;FIAT ARGO;;2 eixos rodagem simples;2 eixos rodagem simples;Ecovias Ponte;Ponte Presidente Costa e Silva, KM 322+000, Niterói - RJ;-6,20;0,00;-6,20;;Não
02e0b1f0-2dc4-4165-b949-afec79d07586;05/12/2025;10:29:17;05/12/2025 10:30:11;Pedágio;;;TOL4D72;Passeio;FIAT;STRADA FREEDOM CD13;"6790100009073916	";Tag;STRADA FREEDOM CD13;;2 eixos rodagem simples;2 eixos rodagem simples;Elovias;BR-040, KM 102+000, Duque de Caxias - RJ;-19,95;0,00;-19,95;;Não
89c2fae8-b7e8-4c07-b23c-54a79885ffbc;05/12/2025;14:01:29;05/12/2025 14:02:14;Pedágio;;;TOJ0A45;Passeio;FIAT;FIAT ARGO;"6790100009571695	";Tag;FIAT ARGO;;2 eixos rodagem simples;2 eixos rodagem simples;Ecovias Rio Minas;BR-116, KM 207+100, Seropédica - RJ;-15,58;0,00;-15,58;;Não
0a68cdce-030b-4c7a-8dcc-155bb21cb009;05/12/2025;14:51:50;05/12/2025 14:52:45;Pedágio;;;TOJ0A44;Passeio;FIAT;FIAT ARGO;"6790100009571836	";Tag;FIAT ARGO;;2 eixos rodagem simples;2 eixos rodagem simples;Autopista Fluminense;BR-101, KM 192+000, Casimiro de Abreu - RJ;-7,50;0,00;-7,50;;Não
6b5d5894-3ff1-4ec9-b5c0-b1513537dc1c;05/12/2025;15:46:04;05/12/2025 15:46:39;Pedágio;;;TOJ0A44;Passeio;FIAT;FIAT ARGO;"6790100009571836	";Tag;FIAT ARGO;;2 eixos rodagem simples;2 eixos rodagem simples;Autopista Fluminense;BR-101, KM 252+000, Rio Bonito - RJ;-7,50;0,00;-7,50;;Não
f17d7405-9d0c-45ff-860c-e39b2a6b6231;05/12/2025;16:26:24;05/12/2025 16:27:09;Pedágio;;;RTG4I96;Passeio;FIAT;STRADA FREEDOM;"6790100005918593	";Tag;STRADA FREEDOM;;2 eixos rodagem simples;2 eixos rodagem simples;Ecovias Rio Minas;BR-493, KM 112+700, Itaguaí - RJ;-9,25;0,00;-9,25;;Não
e5761587-a020-47d4-9cd8-7218422f433b;05/12/2025;16:47:54;05/12/2025 16:49:08;Pedágio;;;TOJ0A44;Passeio;FIAT;FIAT ARGO;"6790100009571836	";Tag;FIAT ARGO;;2 eixos rodagem simples;2 eixos rodagem simples;Autopista Fluminense;BR-101, KM 299+000, São Gonçalo - RJ;-7,50;0,00;-7,50;;Não
45026ce0-7b2d-48e6-9dfe-ad093f9a08bb;05/12/2025;17:26:08;05/12/2025 17:27:43;Pedágio;;;TOL4D70;Passeio;FIAT;STRADA FREEDOM CD13;"6790100010321288	";Tag;STRADA FREEDOM CD13;;2 eixos rodagem simples;2 eixos rodagem simples;Ecovias Rio Minas;BR-493, KM 013+670, Guapimirim - RJ;-19,10;0,00;-19,10;;Não
a41eb152-110e-43f7-8436-58b0130b536b;06/12/2025;06:43:19;06/12/2025 06:43:32;Pedágio;;;RMR6D75;Passeio;MITSUBISHI;TRITON SPO GL;"6790100000196989	";Tag;L200;;2 eixos rodagem simples;2 eixos rodagem simples;Ecovias Capixaba;BR-101, KM 241+700, Serra - ES;-3,99;0,00;-3,99;;Não
5b545bf6-0838-41d8-bac8-3e10adf45701;06/12/2025;09:24:35;06/12/2025 09:24:51;Pedágio;;;RMR6D75;Passeio;MITSUBISHI;TRITON SPO GL;"6790100000196989	";Tag;L200;;2 eixos rodagem simples;2 eixos rodagem simples;Ecovias Capixaba;BR-101, KM 241+700, Serra - ES;-3,99;0,00;-3,99;;Não
4b16c903-c875-4158-af55-d6ad676ce4d6;06/12/2025;09:24:32;06/12/2025 09:24:51;Pedágio;;;KZP9I09;Passeio;CHEVROLET;s10;"6790100001694933	";Tag;s10;;2 eixos rodagem simples;2 eixos rodagem simples;Ecovias Capixaba;BR-101, KM 241+700, Serra - ES;-3,99;0,00;-3,99;;Não
7f37a31a-70ad-4acc-8a24-b6ebd0351771;01/12/2025;15:50:15;07/12/2025 13:42:36;Pedágio;;;TOJ0A40;Passeio;FIAT;FIAT ARGO;"6790100009572370	";Tag;FIAT ARGO;;2 eixos rodagem simples;2 eixos rodagem simples;Ecovias Rio Minas;BR-116, KM 784+320, Leopoldina - MG;-13,11;0,00;-13,11;;Não
531d818e-7ecd-4c08-9417-edbb4b9dc04c;01/12/2025;15:57:45;07/12/2025 13:43:03;Pedágio;;;RTG4I96;Passeio;FIAT;STRADA FREEDOM;"6790100005918593	";Tag;STRADA FREEDOM;;2 eixos rodagem simples;2 eixos rodagem simples;Ecovias Rio Minas;BR-493, KM 112+700, Itaguaí - RJ;-9,98;0,00;-9,98;;Não
1bd7a2da-7c10-4fc9-9b63-901dd527de4d;08/12/2025;07:36:39;08/12/2025 07:37:16;Pedágio;;;RTG4I96;Passeio;FIAT;STRADA FREEDOM;"6790100005918593	";Tag;STRADA FREEDOM;;2 eixos rodagem simples;2 eixos rodagem simples;Ecovias Rio Minas;BR-493, KM 112+700, Itaguaí - RJ;-9,25;0,00;-9,25;;Não
e277175c-9573-4834-8798-2f49e95bfd26;08/12/2025;08:47:53;08/12/2025 08:48:31;Pedágio;;;NAX6H44;Passeio;RENAULT;KWID;"6790100005918650	";Tag;KWID;;2 eixos rodagem simples;2 eixos rodagem simples;Ecovias Rio Minas;BR-116, KM 207+100, Seropédica - RJ;-14,57;0,00;-14,57;;Não
2365bb3c-8469-40c5-96f4-0cbb4d3104b5;08/12/2025;09:45:28;08/12/2025 09:45:51;Pedágio;;;TOJ0A40;Passeio;FIAT;FIAT ARGO;"6790100009572370	";Tag;FIAT ARGO;;2 eixos rodagem simples;2 eixos rodagem simples;Ecovias Ponte;Ponte Presidente Costa e Silva, KM 322+000, Niterói - RJ;-6,20;0,00;-6,20;;Não
4370017f-4ba4-41c2-b999-15b0bfd0bfc8;08/12/2025;10:56:16;08/12/2025 10:57:18;Pedágio;;;TOJ0A40;Passeio;FIAT;FIAT ARGO;"6790100009572370	";Tag;FIAT ARGO;;2 eixos rodagem simples;2 eixos rodagem simples;Autopista Fluminense;BR-101, KM 252+000, Rio Bonito - RJ;-7,50;0,00;-7,50;;Não
3c6e9bfa-5d4a-4d95-ab23-a4dbe116f896;08/12/2025;11:11:22;08/12/2025 11:11:34;Pedágio;;;RMS4F05;Passeio;TOYOTA;/TOYOTA HILUX CDLOWM;"6790100000196997	";Tag;HILUX;;2 eixos rodagem simples;2 eixos rodagem simples;Ecovias Capixaba;BR-101, KM 241+700, Serra - ES;-3,99;0,00;-3,99;;Não
969c83e5-4506-4ba2-8008-3acbc30ef744;08/12/2025;11:33:44;08/12/2025 11:34:09;Pedágio;;;TOJ0A40;Passeio;FIAT;FIAT ARGO;"6790100009572370	";Tag;FIAT ARGO;;2 eixos rodagem simples;2 eixos rodagem simples;Autopista Fluminense;BR-101, KM 192+000, Casimiro de Abreu - RJ;-7,50;0,00;-7,50;;Não
8c0489e6-e91d-45b7-8e66-ea460e85d9a2;08/12/2025;16:42:35;08/12/2025 16:43:26;Pedágio;;;RTG4I96;Passeio;FIAT;STRADA FREEDOM;"6790100005918593	";Tag;STRADA FREEDOM;;2 eixos rodagem simples;2 eixos rodagem simples;Ecovias Rio Minas;BR-493, KM 112+700, Itaguaí - RJ;-8,91;0,00;-8,91;;Não
7ad27ee8-3fc4-43bf-ad24-d4b86efdae43;08/12/2025;16:57:39;08/12/2025 16:58:32;Pedágio;;;NAX6H44;Passeio;RENAULT;KWID;"6790100005918650	";Tag;KWID;;2 eixos rodagem simples;2 eixos rodagem simples;Ecovias Rio Minas;BR-116, KM 207+100, Seropédica - RJ;-15,58;0,00;-15,58;;Não
67203d5d-be74-4366-8759-f0d1d5462587;08/12/2025;20:25:05;08/12/2025 20:26:42;Pedágio;;;RMS4F05;Passeio;TOYOTA;/TOYOTA HILUX CDLOWM;"6790100000196997	";Tag;HILUX;;2 eixos rodagem simples;2 eixos rodagem simples;Nova 381;BR-381, KM 176+550, Governador Valadares - MG;-11,97;0,00;-11,97;;Não
e4ef86b5-e4d8-43b4-b356-f1cfaeadc483;08/12/2025;20:58:16;08/12/2025 21:00:39;Pedágio;;;RMS4F05;Passeio;TOYOTA;/TOYOTA HILUX CDLOWM;"6790100000196997	";Tag;HILUX;;2 eixos rodagem simples;2 eixos rodagem simples;Nova 381;BR-381, KM 227+500, Belo Oriente - MG;-11,50;0,00;-11,50;;Não
f48054ed-1eea-4d92-8812-8b7c8e9b28d6;09/12/2025;07:38:57;09/12/2025 07:39:32;Pedágio;;;RTG4I96;Passeio;FIAT;STRADA FREEDOM;"6790100005918593	";Tag;STRADA FREEDOM;;2 eixos rodagem simples;2 eixos rodagem simples;Ecovias Rio Minas;BR-493, KM 112+700, Itaguaí - RJ;-8,91;0,00;-8,91;;Não
3975db56-c5be-401e-8959-477350aa9bf3;09/12/2025;08:01:15;09/12/2025 08:02:40;Pedágio;;;RMS4F05;Passeio;TOYOTA;/TOYOTA HILUX CDLOWM;"6790100000196997	";Tag;HILUX;;2 eixos rodagem simples;2 eixos rodagem simples;Nova 381;BR-381, KM 280+150, Jaguaraçu - MG;-14,35;0,00;-14,35;;Não
cd86d570-4eca-4946-9432-a8b6df1ae768;09/12/2025;08:35:36;09/12/2025 08:35:50;Pedágio;;;RMR6D75;Passeio;MITSUBISHI;TRITON SPO GL;"6790100000196989	";Tag;L200;;2 eixos rodagem simples;2 eixos rodagem simples;Ecovias Capixaba;BR-101, KM 320+800, Guarapari - ES;-4,09;0,00;-4,09;;Não
30fc3606-5c13-46a6-b82a-67405027a429;09/12/2025;08:51:44;09/12/2025 08:52:15;Pedágio;;;TOL4D72;Passeio;FIAT;STRADA FREEDOM CD13;"6790100009073916	";Tag;STRADA FREEDOM CD13;;2 eixos rodagem simples;2 eixos rodagem simples;Elovias;BR-040, KM 102+000, Duque de Caxias - RJ;-19,79;0,00;-19,79;;Não
a35ec8d6-cbbf-4f3d-8241-fb94438ae894;09/12/2025;08:53:19;09/12/2025 08:54:16;Pedágio;;;TOL4D70;Passeio;FIAT;STRADA FREEDOM CD13;"6790100010321288	";Tag;STRADA FREEDOM CD13;;2 eixos rodagem simples;2 eixos rodagem simples;Elovias;BR-040, KM 102+000, Duque de Caxias - RJ;-19,95;0,00;-19,95;;Não
6e9f9fb3-29f0-4368-bbba-a456f450b4b3;09/12/2025;08:56:27;09/12/2025 08:58:40;Pedágio;;;RMS4F05;Passeio;TOYOTA;/TOYOTA HILUX CDLOWM;"6790100000196997	";Tag;HILUX;;2 eixos rodagem simples;2 eixos rodagem simples;Nova 381;BR-381, KM 345+270, João Monlevade - MG;-12,26;0,00;-12,26;;Não
73b3ec14-ae4f-4426-a0aa-6b1c5e21f4b8;09/12/2025;09:35:42;09/12/2025 09:36:00;Pedágio;;;TOJ0A45;Passeio;FIAT;FIAT ARGO;"6790100009571695	";Tag;FIAT ARGO;;2 eixos rodagem simples;2 eixos rodagem simples;Ecovias Ponte;Ponte Presidente Costa e Silva, KM 322+000, Niterói - RJ;-6,20;0,00;-6,20;;Não
624e72bd-6b2c-4207-a9d9-01ea18f1e694;09/12/2025;09:43:14;09/12/2025 09:44:06;Pedágio;;;TOJ0A44;Passeio;FIAT;FIAT ARGO;"6790100009571836	";Tag;FIAT ARGO;;2 eixos rodagem simples;2 eixos rodagem simples;Ecovias Rio Minas;BR-116, KM 118+200, Magé - RJ;-18,34;0,00;-18,34;;Não
faa845e1-9e1a-4205-905e-7b43237ae8d5;09/12/2025;10:12:14;09/12/2025 10:13:10;Pedágio;;;TOL4D72;Passeio;FIAT;STRADA FREEDOM CD13;"6790100009073916	";Tag;STRADA FREEDOM CD13;;2 eixos rodagem simples;2 eixos rodagem simples;Elovias;BR-040, KM 045+500, Petrópolis - RJ;-19,95;0,00;-19,95;;Não
c3931c8d-6098-41d3-baa5-16c401983dbb;09/12/2025;12:06:16;09/12/2025 12:06:50;Pedágio;;;TOJ0A44;Passeio;FIAT;FIAT ARGO;"6790100009571836	";Tag;FIAT ARGO;;2 eixos rodagem simples;2 eixos rodagem simples;Ecovias Rio Minas;BR-116, KM 784+320, Leopoldina - MG;-13,11;0,00;-13,11;;Não
70c85a15-f0a1-4bd4-a471-1ccaca58e6ef;09/12/2025;10:55:47;09/12/2025 12:17:02;Pedágio;;;TOJ0A45;Passeio;FIAT;FIAT ARGO;"6790100009571695	";Tag;FIAT ARGO;;2 eixos rodagem simples;2 eixos rodagem simples;ViaLagos;RJ-124, KM 021+500, Rio Bonito - RJ;-18,40;0,00;-18,40;;Não
a8efa281-9929-4221-9a9d-e89321bd81e9;09/12/2025;12:31:43;09/12/2025 12:32:24;Pedágio;;;TOL4D72;Passeio;FIAT;STRADA FREEDOM CD13;"6790100009073916	";Tag;STRADA FREEDOM CD13;;2 eixos rodagem simples;2 eixos rodagem simples;Elovias;BR-040, KM 045+500, Petrópolis - RJ;-19,95;0,00;-19,95;;Não
8f0413c7-2a4f-4bce-85d2-cdce6313f92f;09/12/2025;12:54:42;09/12/2025 12:55:45;Pedágio;;;TOJ0A44;Passeio;FIAT;FIAT ARGO;"6790100009571836	";Tag;FIAT ARGO;;2 eixos rodagem simples;2 eixos rodagem simples;Ecovias Rio Minas;BR-116, KM 724+020, Laranjal - MG;-11,59;0,00;-11,59;;Não
1be4d84e-05af-4f94-b8ed-52c0f3d1b09f;09/12/2025;15:25:55;09/12/2025 15:27:11;Pedágio;;;TOJ0A45;Passeio;FIAT;FIAT ARGO;"6790100009571695	";Tag;FIAT ARGO;;2 eixos rodagem simples;2 eixos rodagem simples;Autopista Fluminense;BR-101, KM 299+000, São Gonçalo - RJ;-7,50;0,00;-7,50;;Não
e1fafd3c-aa12-44dd-a966-343bfda9bf74;09/12/2025;14:37:22;09/12/2025 15:37:20;Pedágio;;;TOJ0A45;Passeio;FIAT;FIAT ARGO;"6790100009571695	";Tag;FIAT ARGO;;2 eixos rodagem simples;2 eixos rodagem simples;ViaLagos;RJ-124, KM 021+500, Rio Bonito - RJ;-18,40;0,00;-18,40;;Não
aaf1f2bb-60ae-49af-aebe-152ee139caa2;09/12/2025;16:22:03;09/12/2025 16:22:55;Pedágio;;;RTG4I96;Passeio;FIAT;STRADA FREEDOM;"6790100005918593	";Tag;STRADA FREEDOM;;2 eixos rodagem simples;2 eixos rodagem simples;Ecovias Rio Minas;BR-493, KM 112+700, Itaguaí - RJ;-8,59;0,00;-8,59;;Não
d5bd4aa4-9066-4ac5-b217-233c515355cc;09/12/2025;18:09:18;09/12/2025 18:09:45;Pedágio;;;RMR6D75;Passeio;MITSUBISHI;TRITON SPO GL;"6790100000196989	";Tag;L200;;2 eixos rodagem simples;2 eixos rodagem simples;Ecovias Capixaba;BR-101, KM 320+800, Guarapari - ES;-4,09;0,00;-4,09;;Não
423d1116-3943-4425-a6f6-09d308d553d0;09/12/2025;19:12:58;09/12/2025 19:13:16;Pedágio;;;TOL4D72;Passeio;FIAT;STRADA FREEDOM CD13;"6790100009073916	";Tag;STRADA FREEDOM CD13;;2 eixos rodagem simples;2 eixos rodagem simples;Ecovias Ponte;Ponte Presidente Costa e Silva, KM 322+000, Niterói - RJ;-6,20;0,00;-6,20;;Não
c227a20e-214f-4fea-865e-d6b557d6d687;10/12/2025;07:30:48;10/12/2025 07:31:26;Pedágio;;;LLV7582;Passeio;FIAT;STRADA;"6790100005920235	";Tag;STRADA;;2 eixos rodagem simples;2 eixos rodagem simples;Ecovias Rio Minas;BR-116, KM 207+100, Seropédica - RJ;-15,58;0,00;-15,58;;Não
21993feb-2703-4fa1-9e51-b3ce7943c114;10/12/2025;07:34:45;10/12/2025 07:35:19;Pedágio;;;RTG4I96;Passeio;FIAT;STRADA FREEDOM;"6790100005918593	";Tag;STRADA FREEDOM;;2 eixos rodagem simples;2 eixos rodagem simples;Ecovias Rio Minas;BR-493, KM 112+700, Itaguaí - RJ;-8,59;0,00;-8,59;;Não
63cbc4c6-ab5b-48e4-b4b6-f2b5db282e89;10/12/2025;10:46:24;10/12/2025 11:01:33;Pedágio;;;TOJ0A44;Passeio;FIAT;FIAT ARGO;"6790100009571836	";Tag;FIAT ARGO;;2 eixos rodagem simples;2 eixos rodagem simples;Autopista Fluminense;BR-101, KM 123+000, Campos dos Goytacazes - RJ;-7,50;0,00;-7,50;;Não
b8df0a78-8083-4860-9189-46baece5a0db;10/12/2025;11:39:49;10/12/2025 11:40:35;Pedágio;;;TOJ0A45;Passeio;FIAT;FIAT ARGO;"6790100009571695	";Tag;FIAT ARGO;;2 eixos rodagem simples;2 eixos rodagem simples;Ecovias Rio Minas;BR-116, KM 207+100, Seropédica - RJ;-14,57;0,00;-14,57;;Não
5789054b-0315-40f4-8c13-8869e827e381;10/12/2025;11:34:08;10/12/2025 11:59:23;Pedágio;;;TOJ0A44;Passeio;FIAT;FIAT ARGO;"6790100009571836	";Tag;FIAT ARGO;;2 eixos rodagem simples;2 eixos rodagem simples;Autopista Fluminense;BR-101, KM 192+000, Casimiro de Abreu - RJ;-7,50;0,00;-7,50;;Não
ac9e12cb-73b4-4050-a417-5b5067708df4;10/12/2025;12:12:55;10/12/2025 12:46:10;Pedágio;;;TOJ0A44;Passeio;FIAT;FIAT ARGO;"6790100009571836	";Tag;FIAT ARGO;;2 eixos rodagem simples;2 eixos rodagem simples;Autopista Fluminense;BR-101, KM 252+000, Rio Bonito - RJ;-7,50;0,00;-7,50;;Não
b2ff36a2-7de3-4ba8-a519-9bdbf9df537f;10/12/2025;13:06:23;10/12/2025 13:33:30;Pedágio;;;TOJ0A44;Passeio;FIAT;FIAT ARGO;"6790100009571836	";Tag;FIAT ARGO;;2 eixos rodagem simples;2 eixos rodagem simples;Autopista Fluminense;BR-101, KM 299+000, São Gonçalo - RJ;-7,50;0,00;-7,50;;Não
da5654cf-de1d-4416-9c71-374b49cba37b;09/12/2025;13:27:29;10/12/2025 14:46:04;Pedágio;;;TOL4D72;Passeio;FIAT;STRADA FREEDOM CD13;"6790100009073916	";Tag;STRADA FREEDOM CD13;;2 eixos rodagem simples;2 eixos rodagem simples;Elovias;BR-040, KM 102+000, Duque de Caxias - RJ;-19,79;0,00;-19,79;;Não
5acee126-80c1-46d1-b526-5fb6154861ab;10/12/2025;15:58:06;10/12/2025 15:58:25;Pedágio;;;TOL4D72;Passeio;FIAT;STRADA FREEDOM CD13;"6790100009073916	";Tag;STRADA FREEDOM CD13;;2 eixos rodagem simples;2 eixos rodagem simples;Ecovias Ponte;Ponte Presidente Costa e Silva, KM 322+000, Niterói - RJ;-6,20;0,00;-6,20;;Não
533c2624-a357-4aa9-bd16-3dded8a99581;10/12/2025;16:54:24;10/12/2025 16:55:30;Pedágio;;;RTG4I96;Passeio;FIAT;STRADA FREEDOM;"6790100005918593	";Tag;STRADA FREEDOM;;2 eixos rodagem simples;2 eixos rodagem simples;Ecovias Rio Minas;BR-493, KM 112+700, Itaguaí - RJ;-8,27;0,00;-8,27;;Não
a3c63d3c-181b-458a-b293-99f40726a6fd;10/12/2025;17:28:15;10/12/2025 17:29:29;Pedágio;;;TOL4D70;Passeio;FIAT;STRADA FREEDOM CD13;"6790100010321288	";Tag;STRADA FREEDOM CD13;;2 eixos rodagem simples;2 eixos rodagem simples;Elovias;BR-040, KM 102+000, Duque de Caxias - RJ;-19,95;0,00;-19,95;;Não
a09f7dab-60b6-4267-9820-d3c7d589d28d;10/12/2025;18:28:52;10/12/2025 18:29:31;Pedágio;;;TOL4D70;Passeio;FIAT;STRADA FREEDOM CD13;"6790100010321288	";Tag;STRADA FREEDOM CD13;;2 eixos rodagem simples;2 eixos rodagem simples;Ecovias Rio Minas;BR-493, KM 013+670, Guapimirim - RJ;-16,52;0,00;-16,52;;Não
ae0850a9-7448-4fb6-baa8-c26a51436c6e;10/12/2025;19:31:39;10/12/2025 19:32:27;Pedágio;;;LLV7582;Passeio;FIAT;STRADA;"6790100005920235	";Tag;STRADA;;2 eixos rodagem simples;2 eixos rodagem simples;Ecovias Rio Minas;BR-116, KM 207+100, Seropédica - RJ;-15,58;0,00;-15,58;;Não
64dbb546-68cd-4be4-a419-62836b0200b6;10/12/2025;19:36:45;10/12/2025 19:37:29;Pedágio;;;TOJ0A45;Passeio;FIAT;FIAT ARGO;"6790100009571695	";Tag;FIAT ARGO;;2 eixos rodagem simples;2 eixos rodagem simples;Ecovias Rio Minas;BR-116, KM 207+100, Seropédica - RJ;-14,57;0,00;-14,57;;Não
a4fa345c-cff2-4abe-a859-b30a994f3fc8;11/12/2025;07:53:39;11/12/2025 07:54:21;Pedágio;;;RTG4I96;Passeio;FIAT;STRADA FREEDOM;"6790100005918593	";Tag;STRADA FREEDOM;;2 eixos rodagem simples;2 eixos rodagem simples;Ecovias Rio Minas;BR-493, KM 112+700, Itaguaí - RJ;-8,27;0,00;-8,27;;Não
4bd31102-3c56-4936-b512-4aacff6ede2c;11/12/2025;09:32:05;11/12/2025 09:32:22;Pedágio;;;TOJ0A45;Passeio;FIAT;FIAT ARGO;"6790100009571695	";Tag;FIAT ARGO;;2 eixos rodagem simples;2 eixos rodagem simples;Ecovias Ponte;Ponte Presidente Costa e Silva, KM 322+000, Niterói - RJ;-6,20;0,00;-6,20;;Não
939c7605-11c9-4a2d-b777-c75ba9ccca38;11/12/2025;10:05:48;11/12/2025 10:53:13;Pedágio;;;TOJ0A45;Passeio;FIAT;FIAT ARGO;"6790100009571695	";Tag;FIAT ARGO;;2 eixos rodagem simples;2 eixos rodagem simples;Rota 116;RJ-116, KM 002+000, Itaboraí - RJ;-9,60;0,00;-9,60;;Não
3e9ca3b3-d0de-4a5d-9602-14ed97fb5b39;11/12/2025;11:02:14;11/12/2025 11:12:34;Pedágio;;;TOJ0A40;Passeio;FIAT;FIAT ARGO;"6790100009572370	";Tag;FIAT ARGO;;2 eixos rodagem simples;2 eixos rodagem simples;Autopista Fluminense;BR-101, KM 192+000, Casimiro de Abreu - RJ;-7,50;0,00;-7,50;;Não
25f6899d-128a-4d07-a178-5153d7505125;11/12/2025;11:03:02;11/12/2025 11:53:14;Pedágio;;;TOJ0A45;Passeio;FIAT;FIAT ARGO;"6790100009571695	";Tag;FIAT ARGO;;2 eixos rodagem simples;2 eixos rodagem simples;Rota 116;RJ-116, KM 049+000, Cachoeiras de Macacu - RJ;-9,60;0,00;-9,60;;Não
fe1e1ddb-43ab-4ed0-a16f-37e2afa53be7;11/12/2025;12:27:45;11/12/2025 12:53:36;Pedágio;;;TOJ0A45;Passeio;FIAT;FIAT ARGO;"6790100009571695	";Tag;FIAT ARGO;;2 eixos rodagem simples;2 eixos rodagem simples;Rota 116;RJ-116, KM 090+000, Nova Friburgo - RJ;-9,60;0,00;-9,60;;Não
c7eed5ed-bd6f-409b-b153-5049577b9f93;11/12/2025;16:20:28;11/12/2025 16:21:41;Pedágio;;;TOJ0A40;Passeio;FIAT;FIAT ARGO;"6790100009572370	";Tag;FIAT ARGO;;2 eixos rodagem simples;2 eixos rodagem simples;Autopista Fluminense;BR-101, KM 252+000, Rio Bonito - RJ;-7,50;0,00;-7,50;;Não
c0ffaed9-f803-4c4d-b49b-e7ac5ed592d9;11/12/2025;15:58:53;11/12/2025 16:23:49;Pedágio;;;TOJ0A40;Passeio;FIAT;FIAT ARGO;"6790100009572370	";Tag;FIAT ARGO;;2 eixos rodagem simples;2 eixos rodagem simples;ViaLagos;RJ-124, KM 021+500, Rio Bonito - RJ;-18,40;0,00;-18,40;;Não
2d0ec28c-7dd3-43a7-914f-fc246d67fb0e;11/12/2025;17:02:00;11/12/2025 17:03:09;Pedágio;;;TOJ0A40;Passeio;FIAT;FIAT ARGO;"6790100009572370	";Tag;FIAT ARGO;;2 eixos rodagem simples;2 eixos rodagem simples;Autopista Fluminense;BR-101, KM 192+000, Casimiro de Abreu - RJ;-7,50;0,00;-7,50;;Não
2fbf5e2f-3d82-4da5-b869-f3be2830c27b;11/12/2025;17:13:55;11/12/2025 17:14:28;Pedágio;;;RTG4I96;Passeio;FIAT;STRADA FREEDOM;"6790100005918593	";Tag;STRADA FREEDOM;;2 eixos rodagem simples;2 eixos rodagem simples;Ecovias Rio Minas;BR-493, KM 112+700, Itaguaí - RJ;-7,97;0,00;-7,97;;Não
3919664d-d6bc-4c6d-ab61-3ba3d58c1f39;11/12/2025;18:24:19;11/12/2025 18:53:56;Pedágio;;;TOJ0A45;Passeio;FIAT;FIAT ARGO;"6790100009571695	";Tag;FIAT ARGO;;2 eixos rodagem simples;2 eixos rodagem simples;Rota 116;RJ-116, KM 090+000, Nova Friburgo - RJ;-9,60;0,00;-9,60;;Não
376311cd-4cc8-4f48-9125-690727bc77e0;11/12/2025;19:53:17;11/12/2025 19:53:35;Pedágio;;;TOL4D72;Passeio;FIAT;STRADA FREEDOM CD13;"6790100009073916	";Tag;STRADA FREEDOM CD13;;2 eixos rodagem simples;2 eixos rodagem simples;Ecovias Ponte;Ponte Presidente Costa e Silva, KM 322+000, Niterói - RJ;-6,20;0,00;-6,20;;Não
747b5221-29a4-4602-a4c2-f8432350eb9a;12/12/2025;07:32:22;12/12/2025 07:32:44;Pedágio;;;RTG4I96;Passeio;FIAT;STRADA FREEDOM;"6790100005918593	";Tag;STRADA FREEDOM;;2 eixos rodagem simples;2 eixos rodagem simples;Ecovias Rio Minas;BR-493, KM 112+700, Itaguaí - RJ;-7,97;0,00;-7,97;;Não
6b440b5a-bd8f-482b-9f4e-5dc93e6bcb3d;12/12/2025;08:51:40;12/12/2025 09:53:21;Pedágio;;;TOJ0A45;Passeio;FIAT;FIAT ARGO;"6790100009571695	";Tag;FIAT ARGO;;2 eixos rodagem simples;2 eixos rodagem simples;Rota 116;RJ-116, KM 090+000, Nova Friburgo - RJ;-9,60;0,00;-9,60;;Não
f8cddeb3-790a-4c00-86de-8a069a37bd13;12/12/2025;10:53:25;12/12/2025 10:54:24;Pedágio;;;TOJ0A44;Passeio;FIAT;FIAT ARGO;"6790100009571836	";Tag;FIAT ARGO;;2 eixos rodagem simples;2 eixos rodagem simples;Ecovias Rio Minas;BR-116, KM 207+100, Seropédica - RJ;-15,58;0,00;-15,58;;Não
f1e60231-5ac9-4ceb-a421-b2f3fc76053c;08/12/2025;18:45:43;12/12/2025 11:19:36;Pedágio;;;PUC3186;Passeio;FIAT;UNO VIVACE 1.0;"6790100000821776	";Tag;UNO VIVACE;;2 eixos rodagem simples;2 eixos rodagem simples;Ecovias Ponte;Ponte Presidente Costa e Silva, KM 322+000, Niterói - RJ;-6,20;0,00;-6,20;;Não
5c1f500c-88e9-430d-86ef-b4bc87bd335e;12/12/2025;11:16:15;12/12/2025 11:53:33;Pedágio;;;TOJ0A45;Passeio;FIAT;FIAT ARGO;"6790100009571695	";Tag;FIAT ARGO;;2 eixos rodagem simples;2 eixos rodagem simples;Rota 116;RJ-116, KM 090+000, Nova Friburgo - RJ;-9,60;0,00;-9,60;;Não
39efc8de-04e4-40e0-a5fe-a70df4ba0b4a;12/12/2025;11:25:20;12/12/2025 11:53:36;Pedágio;;;TOJ0A45;Passeio;FIAT;FIAT ARGO;"6790100009571695	";Tag;FIAT ARGO;;2 eixos rodagem simples;2 eixos rodagem simples;Rota 116;RJ-116, KM 090+000, Nova Friburgo - RJ;-9,60;0,00;-9,60;;Não
23a67fb0-fe76-4781-9872-932b73557927;12/12/2025;12:08:55;12/12/2025 12:53:18;Pedágio;;;TOJ0A45;Passeio;FIAT;FIAT ARGO;"6790100009571695	";Tag;FIAT ARGO;;2 eixos rodagem simples;2 eixos rodagem simples;Rota 116;RJ-116, KM 090+000, Nova Friburgo - RJ;-9,60;0,00;-9,60;;Não
c471940b-e110-4481-835b-dab70419a933;12/12/2025;13:16:46;12/12/2025 13:53:33;Pedágio;;;TOJ0A45;Passeio;FIAT;FIAT ARGO;"6790100009571695	";Tag;FIAT ARGO;;2 eixos rodagem simples;2 eixos rodagem simples;Rota 116;RJ-116, KM 049+000, Cachoeiras de Macacu - RJ;-9,60;0,00;-9,60;;Não
479d7188-8de5-4188-8183-9f089b4178ef;12/12/2025;13:58:52;12/12/2025 13:59:52;Pedágio;;;QXL0J20;Passeio;RENAULT;KWID;"6790100003644134	";Tag;KWID;;2 eixos rodagem simples;2 eixos rodagem simples;Ecovias Rio Minas;BR-493, KM 112+700, Itaguaí - RJ;-9,98;0,00;-9,98;;Não
865db7a2-49da-4dbf-8e0a-65baf0479cf6;12/12/2025;14:41:13;12/12/2025 14:53:19;Pedágio;;;TOJ0A45;Passeio;FIAT;FIAT ARGO;"6790100009571695	";Tag;FIAT ARGO;;2 eixos rodagem simples;2 eixos rodagem simples;Rota 116;RJ-116, KM 002+000, Itaboraí - RJ;-9,60;0,00;-9,60;;Não
14ba6447-a27c-49db-8edb-a9bcff802be0;12/12/2025;14:57:09;12/12/2025 14:58:11;Pedágio;;;TOJ0A45;Passeio;FIAT;FIAT ARGO;"6790100009571695	";Tag;FIAT ARGO;;2 eixos rodagem simples;2 eixos rodagem simples;Autopista Fluminense;BR-101, KM 299+000, São Gonçalo - RJ;-7,50;0,00;-7,50;;Não
f9dd06e5-daec-40b9-a3a1-ca39332a87cf;12/12/2025;16:09:54;12/12/2025 16:34:06;Pedágio;;;TOJ0A40;Passeio;FIAT;FIAT ARGO;"6790100009572370	";Tag;FIAT ARGO;;2 eixos rodagem simples;2 eixos rodagem simples;ViaLagos;RJ-124, KM 021+500, Rio Bonito - RJ;-30,60;0,00;-30,60;;Não
cc347e7c-3366-4653-ab6a-40b73bd73b06;12/12/2025;16:52:00;12/12/2025 16:53:37;Pedágio;;;TOJ0A40;Passeio;FIAT;FIAT ARGO;"6790100009572370	";Tag;FIAT ARGO;;2 eixos rodagem simples;2 eixos rodagem simples;Autopista Fluminense;BR-101, KM 299+000, São Gonçalo - RJ;-7,50;0,00;-7,50;;Não
7cb02105-cdaa-43c6-b4fb-04f762db4a77;12/12/2025;18:21:33;12/12/2025 18:22:03;Pedágio;;;TOJ0A44;Passeio;FIAT;FIAT ARGO;"6790100009571836	";Tag;FIAT ARGO;;2 eixos rodagem simples;2 eixos rodagem simples;Ecovias Rio Minas;BR-116, KM 207+100, Seropédica - RJ;-15,58;0,00;-15,58;;Não
61697b11-5a36-4c61-967f-8fb2297bd8ac;15/12/2025;09:12:13;15/12/2025 09:12:27;Pedágio;;;TOJ0A45;Passeio;FIAT;FIAT ARGO;"6790100009571695	";Tag;FIAT ARGO;;2 eixos rodagem simples;2 eixos rodagem simples;Ecovias Ponte;Ponte Presidente Costa e Silva, KM 322+000, Niterói - RJ;-6,20;0,00;-6,20;;Não
d244b63f-c2f0-4eef-8b1e-b2cfe48d3934;15/12/2025;12:04:36;15/12/2025 12:05:25;Pedágio;;;PUC3186;Passeio;FIAT;UNO VIVACE 1.0;"6790100000821776	";Tag;UNO VIVACE;;2 eixos rodagem simples;2 eixos rodagem simples;Ecovias Rio Minas;BR-116, KM 207+100, Seropédica - RJ;-15,58;0,00;-15,58;;Não
fca1c9a6-f618-4b8d-a340-95ca4de505bd;15/12/2025;14:45:45;15/12/2025 14:46:10;Pedágio;;;TOJ0A44;Passeio;FIAT;FIAT ARGO;"6790100009571836	";Tag;FIAT ARGO;;2 eixos rodagem simples;2 eixos rodagem simples;Ecovias Ponte;Ponte Presidente Costa e Silva, KM 322+000, Niterói - RJ;-6,20;0,00;-6,20;;Não
423b5990-20b9-4b5b-9982-f431e5715dce;12/12/2025;08:32:13;15/12/2025 15:36:04;Pedágio;;;QXL0J20;Passeio;RENAULT;KWID;"6790100003644134	";Tag;KWID;;2 eixos rodagem simples;2 eixos rodagem simples;RioSP;Rodovia Rio Santos, KM 419+900, Itaguaí - RJ;-4,10;0,00;-4,10;;Não
019d055f-e426-4788-a626-1938e452f7b2;12/12/2025;13:47:31;15/12/2025 15:48:27;Pedágio;;;QXL0J20;Passeio;RENAULT;KWID;"6790100003644134	";Tag;KWID;;2 eixos rodagem simples;2 eixos rodagem simples;RioSP;Rodovia Rio Santos, KM 419+900, Itaguaí - RJ;-4,10;0,00;-4,10;;Não
13504d98-312b-4e17-b151-a92834c45ee1;15/12/2025;10:12:34;15/12/2025 15:50:40;Pedágio;;;TOJ0A45;Passeio;FIAT;FIAT ARGO;"6790100009571695	";Tag;FIAT ARGO;;2 eixos rodagem simples;2 eixos rodagem simples;Autopista Fluminense;BR-101, KM 252+000, Rio Bonito - RJ;-7,50;0,00;-7,50;;Não
994ad8c8-854f-4086-b8f4-7dac523af3ba;15/12/2025;10:50:27;15/12/2025 15:52:36;Pedágio;;;TOJ0A45;Passeio;FIAT;FIAT ARGO;"6790100009571695	";Tag;FIAT ARGO;;2 eixos rodagem simples;2 eixos rodagem simples;Autopista Fluminense;BR-101, KM 192+000, Casimiro de Abreu - RJ;-7,50;0,00;-7,50;;Não
d9d6beb2-9c75-40cf-9609-8b02a90a1cb7;15/12/2025;16:00:00;15/12/2025 16:14:06;Pedágio;;;TOJ0A44;Passeio;FIAT;FIAT ARGO;"6790100009571836	";Tag;FIAT ARGO;;2 eixos rodagem simples;2 eixos rodagem simples;Autopista Fluminense;BR-101, KM 252+000, Rio Bonito - RJ;-7,50;0,00;-7,50;;Não
d3dac914-4ea0-475d-9c78-6e02849e7e69;15/12/2025;16:29:57;15/12/2025 16:31:07;Pedágio;;;LQS5041;Passeio;FIAT;UNO;"6790100000232487	";Tag;UNO;;2 eixos rodagem simples;2 eixos rodagem simples;Elovias;BR-040, KM 102+000, Duque de Caxias - RJ;-19,79;0,00;-19,79;;Não
715e9221-78ff-434f-a948-7011b20047ef;15/12/2025;16:42:02;15/12/2025 16:43:50;Pedágio;;;TOJ0A44;Passeio;FIAT;FIAT ARGO;"6790100009571836	";Tag;FIAT ARGO;;2 eixos rodagem simples;2 eixos rodagem simples;Autopista Fluminense;BR-101, KM 192+000, Casimiro de Abreu - RJ;-7,50;0,00;-7,50;;Não
1653c1e9-1a07-4459-88ef-683a420cb63a;15/12/2025;17:09:06;15/12/2025 17:10:23;Pedágio;;;LQS5041;Passeio;FIAT;UNO;"6790100000232487	";Tag;UNO;;2 eixos rodagem simples;2 eixos rodagem simples;Ecovias Rio Minas;BR-116, KM 118+200, Magé - RJ;-18,34;0,00;-18,34;;Não
4b319295-348e-4367-bf9b-cb104703a910;15/12/2025;18:26:03;15/12/2025 18:58:20;Pedágio;;;LQS5041;Passeio;FIAT;UNO;"6790100000232487	";Tag;UNO;;2 eixos rodagem simples;2 eixos rodagem simples;Rota 116;RJ-116, KM 002+000, Itaboraí - RJ;-9,60;0,00;-9,60;;Não
57a20676-e215-48c6-951e-6b1bfd52fab8;15/12/2025;19:05:04;15/12/2025 19:05:46;Pedágio;;;LQS5041;Passeio;FIAT;UNO;"6790100000232487	";Tag;UNO;;2 eixos rodagem simples;2 eixos rodagem simples;Autopista Fluminense;BR-101, KM 252+000, Rio Bonito - RJ;-7,50;0,00;-7,50;;Não
3a82ff3a-ecb3-4452-acb0-7dd2bde2defa;15/12/2025;19:24:19;15/12/2025 19:24:36;Pedágio;;;TOL4D70;Passeio;FIAT;STRADA FREEDOM CD13;"6790100010321288	";Tag;STRADA FREEDOM CD13;;2 eixos rodagem simples;2 eixos rodagem simples;Ecovias Ponte;Ponte Presidente Costa e Silva, KM 322+000, Niterói - RJ;-6,20;0,00;-6,20;;Não
71eb2168-7491-47bb-b524-00d502ce0099;15/12/2025;19:43:51;15/12/2025 19:44:16;Pedágio;;;LQS5041;Passeio;FIAT;UNO;"6790100000232487	";Tag;UNO;;2 eixos rodagem simples;2 eixos rodagem simples;Autopista Fluminense;BR-101, KM 192+000, Casimiro de Abreu - RJ;-7,50;0,00;-7,50;;Não
7e176bed-e8dd-4836-a50c-db7d1bb7fbf9;15/12/2025;17:40:49;15/12/2025 19:52:43;Pedágio;;;KQW4792;Passeio;FIAT;PALIO;"6790200000365350	";Tag;PALIO;;2 eixos rodagem simples;2 eixos rodagem simples;RioSP;Rodovia Rio Santos, KM 419+900, Itaguaí - RJ;-4,56;0,00;-4,56;;Não
01410c47-bca3-46cb-a7fd-5568f256fe4b;15/12/2025;20:40:48;15/12/2025 20:41:05;Pedágio;;;TOL4D72;Passeio;FIAT;STRADA FREEDOM CD13;"6790100009073916	";Tag;STRADA FREEDOM CD13;;2 eixos rodagem simples;2 eixos rodagem simples;Ecovias Ponte;Ponte Presidente Costa e Silva, KM 322+000, Niterói - RJ;-6,20;0,00;-6,20;;Não
25357e74-5f7b-4cea-a070-7e97b492480b;15/12/2025;22:12:29;15/12/2025 22:13:48;Pedágio;;;LQS5041;Passeio;FIAT;UNO;"6790100000232487	";Tag;UNO;;2 eixos rodagem simples;2 eixos rodagem simples;Autopista Fluminense;BR-101, KM 123+000, Campos dos Goytacazes - RJ;-7,50;0,00;-7,50;;Não
2508f457-edde-4d75-8683-ff56cdec16bf;16/12/2025;07:11:53;16/12/2025 07:27:08;Pedágio;;;KQW4792;Passeio;FIAT;PALIO;"6790200000365350	";Tag;PALIO;;2 eixos rodagem simples;2 eixos rodagem simples;RioSP;Rodovia Rio Santos, KM 419+900, Itaguaí - RJ;-4,56;0,00;-4,56;;Não
655c59db-486d-487f-b378-8918de1be829;16/12/2025;08:05:52;16/12/2025 08:06:52;Pedágio;;;NAX6H44;Passeio;RENAULT;KWID;"6790100005918650	";Tag;KWID;;2 eixos rodagem simples;2 eixos rodagem simples;Ecovias Rio Minas;BR-116, KM 207+100, Seropédica - RJ;-13,62;0,00;-13,62;;Não
035ca66c-e86f-41f2-8ab5-2f4f78e46a08;16/12/2025;08:51:38;16/12/2025 08:51:48;Pedágio;;;GCK9D18;Passeio;FIAT;PALIO WEEKEND;"6790100008630617	";Tag;FIAT PALIO WEEKEND;;2 eixos rodagem simples;2 eixos rodagem simples;Ecovias Capixaba;BR-101, KM 320+800, Guarapari - ES;-3,96;0,00;-3,96;;Não
87ce89c2-94b7-4d5a-bed9-f9806bb62461;16/12/2025;08:55:37;16/12/2025 08:56:37;Pedágio;;;TOL4D70;Passeio;FIAT;STRADA FREEDOM CD13;"6790100010321288	";Tag;STRADA FREEDOM CD13;;2 eixos rodagem simples;2 eixos rodagem simples;Elovias;BR-040, KM 102+000, Duque de Caxias - RJ;-19,79;0,00;-19,79;;Não
92dae467-d0e6-405d-9ac2-8a231f7fbccc;16/12/2025;10:02:33;16/12/2025 10:03:37;Pedágio;;;RMS4F05;Passeio;TOYOTA;/TOYOTA HILUX CDLOWM;"6790100000196997	";Tag;HILUX;;2 eixos rodagem simples;2 eixos rodagem simples;EPR Via Mineira;BR-040, KM 714+100, Barbacena - MG;-12,07;0,00;-12,07;;Não
31edc74e-4c8a-4e18-b142-ef84ee5409b5;16/12/2025;11:03:34;16/12/2025 11:04:34;Pedágio;;;RTG4I96;Passeio;FIAT;STRADA FREEDOM;"6790100005918593	";Tag;STRADA FREEDOM;;2 eixos rodagem simples;2 eixos rodagem simples;Ecovias Rio Minas;BR-493, KM 112+700, Itaguaí - RJ;-7,67;0,00;-7,67;;Não
d6a4352a-f436-4c11-98cd-a80e2b8cdc9b;16/12/2025;11:07:55;16/12/2025 11:09:44;Pedágio;;;RMS4F05;Passeio;TOYOTA;/TOYOTA HILUX CDLOWM;"6790100000196997	";Tag;HILUX;;2 eixos rodagem simples;2 eixos rodagem simples;EPR Via Mineira;BR-040, KM 642+850, Conselheiro Lafaiete - MG;-12,07;0,00;-12,07;;Não
967abdd9-74a0-4963-a23a-231ccfa27f53;16/12/2025;11:28:54;16/12/2025 11:29:24;Pedágio;;;TOL4D72;Passeio;FIAT;STRADA FREEDOM CD13;"6790100009073916	";Tag;STRADA FREEDOM CD13;;2 eixos rodagem simples;2 eixos rodagem simples;Ecovias Rio Minas;BR-493, KM 112+700, Itaguaí - RJ;-9,25;0,00;-9,25;;Não
e69fadb4-d00a-4189-b27f-27123d1007ca;16/12/2025;11:33:47;16/12/2025 11:35:04;Pedágio;;;TOJ0A40;Passeio;FIAT;FIAT ARGO;"6790100009572370	";Tag;FIAT ARGO;;2 eixos rodagem simples;2 eixos rodagem simples;Ecovias Rio Minas;BR-116, KM 118+200, Magé - RJ;-17,04;0,00;-17,04;;Não
d3a3f3f9-88eb-4d3a-a18c-9e3f065f09d1;16/12/2025;11:39:25;16/12/2025 11:40:35;Pedágio;;;TOL4D72;Passeio;FIAT;STRADA FREEDOM CD13;"6790100009073916	";Tag;STRADA FREEDOM CD13;;2 eixos rodagem simples;2 eixos rodagem simples;Ecovias Rio Minas;BR-116, KM 207+100, Seropédica - RJ;-13,62;0,00;-13,62;;Não
a83375e1-bd08-4410-ad19-422c1899b967;16/12/2025;12:32:48;16/12/2025 12:58:14;Pedágio;;;TOJ0A40;Passeio;FIAT;FIAT ARGO;"6790100009572370	";Tag;FIAT ARGO;;2 eixos rodagem simples;2 eixos rodagem simples;Rota 116;RJ-116, KM 049+000, Cachoeiras de Macacu - RJ;-9,60;0,00;-9,60;;Não
9b3c716b-4277-4e2e-ba0d-3a37b6c76e3a;16/12/2025;13:37:55;16/12/2025 13:38:54;Pedágio;;;TOJ0A44;Passeio;FIAT;FIAT ARGO;"6790100009571836	";Tag;FIAT ARGO;;2 eixos rodagem simples;2 eixos rodagem simples;Autopista Fluminense;BR-101, KM 192+000, Casimiro de Abreu - RJ;-7,50;0,00;-7,50;;Não
e1c1b98f-cca6-4574-90ad-ef2c6b569bbd;16/12/2025;14:40:38;16/12/2025 14:41:10;Pedágio;;;TOJ0A44;Passeio;FIAT;FIAT ARGO;"6790100009571836	";Tag;FIAT ARGO;;2 eixos rodagem simples;2 eixos rodagem simples;Autopista Fluminense;BR-101, KM 252+000, Rio Bonito - RJ;-7,50;0,00;-7,50;;Não
b9e14cae-fd6f-44e3-8efd-b3dc48812c7f;16/12/2025;15:22:26;16/12/2025 15:23:14;Pedágio;;;TOJ0A44;Passeio;FIAT;FIAT ARGO;"6790100009571836	";Tag;FIAT ARGO;;2 eixos rodagem simples;2 eixos rodagem simples;Autopista Fluminense;BR-101, KM 299+000, São Gonçalo - RJ;-7,50;0,00;-7,50;;Não
e72f78f5-4460-423c-8e65-73ce8d9c8332;16/12/2025;15:50:17;16/12/2025 15:50:35;Pedágio;;;RTG4I96;Passeio;FIAT;STRADA FREEDOM;"6790100005918593	";Tag;STRADA FREEDOM;;2 eixos rodagem simples;2 eixos rodagem simples;Ecovias Rio Minas;BR-493, KM 112+700, Itaguaí - RJ;-7,67;0,00;-7,67;;Não
a8bff951-9483-48e7-863c-a8d27f7eb96b;16/12/2025;15:52:33;16/12/2025 15:53:00;Pedágio;;;NAX6H44;Passeio;RENAULT;KWID;"6790100005918650	";Tag;KWID;;2 eixos rodagem simples;2 eixos rodagem simples;Ecovias Rio Minas;BR-116, KM 207+100, Seropédica - RJ;-14,57;0,00;-14,57;;Não
996efc35-9556-45e6-bc3e-2cd8a464d5d2;16/12/2025;15:33:59;16/12/2025 15:53:22;Pedágio;;;TOJ0A40;Passeio;FIAT;FIAT ARGO;"6790100009572370	";Tag;FIAT ARGO;;2 eixos rodagem simples;2 eixos rodagem simples;Rota 116;RJ-116, KM 090+000, Nova Friburgo - RJ;-9,60;0,00;-9,60;;Não
45b74776-8255-4042-ab94-567cdd1edf41;16/12/2025;17:26:38;16/12/2025 17:33:28;Pedágio;;;GCK9D18;Passeio;FIAT;PALIO WEEKEND;"6790100008630617	";Tag;FIAT PALIO WEEKEND;;2 eixos rodagem simples;2 eixos rodagem simples;Ecovias Capixaba;BR-101, KM 320+800, Guarapari - ES;-3,96;0,00;-3,96;;Não
7fd87f4f-9d32-4c9d-8e59-d7bba06ada80;16/12/2025;17:30:10;16/12/2025 17:56:41;Pedágio;;;TOJ0A40;Passeio;FIAT;FIAT ARGO;"6790100009572370	";Tag;FIAT ARGO;;2 eixos rodagem simples;2 eixos rodagem simples;Rota 116;RJ-116, KM 049+000, Cachoeiras de Macacu - RJ;-9,60;0,00;-9,60;;Não
6222a319-dcb9-4e17-9742-0e57c135ff01;16/12/2025;18:11:58;16/12/2025 18:13:11;Pedágio;;;TOL4D72;Passeio;FIAT;STRADA FREEDOM CD13;"6790100009073916	";Tag;STRADA FREEDOM CD13;;2 eixos rodagem simples;2 eixos rodagem simples;Ecovias Rio Minas;BR-116, KM 207+100, Seropédica - RJ;-14,57;0,00;-14,57;;Não
2feed0cb-deb7-4299-a361-bfd5c729766e;16/12/2025;18:44:58;16/12/2025 18:46:13;Pedágio;;;TOJ0A40;Passeio;FIAT;FIAT ARGO;"6790100009572370	";Tag;FIAT ARGO;;2 eixos rodagem simples;2 eixos rodagem simples;Autopista Fluminense;BR-101, KM 299+000, São Gonçalo - RJ;-7,50;0,00;-7,50;;Não
f8be7ab4-abd7-4afb-81a5-f2f85267c352;16/12/2025;18:56:49;16/12/2025 18:57:03;Pedágio;;;TOJ0A44;Passeio;FIAT;FIAT ARGO;"6790100009571836	";Tag;FIAT ARGO;;2 eixos rodagem simples;2 eixos rodagem simples;Ecovias Ponte;Ponte Presidente Costa e Silva, KM 322+000, Niterói - RJ;-6,20;0,00;-6,20;;Não
1e3a1afc-9286-4dd5-813c-9e99235e19d1;16/12/2025;18:28:35;16/12/2025 18:58:26;Pedágio;;;TOJ0A40;Passeio;FIAT;FIAT ARGO;"6790100009572370	";Tag;FIAT ARGO;;2 eixos rodagem simples;2 eixos rodagem simples;Rota 116;RJ-116, KM 002+000, Itaboraí - RJ;-9,60;0,00;-9,60;;Não
11783d91-5a20-43f9-b2df-47f65eca00cf;16/12/2025;17:53:24;16/12/2025 21:10:37;Pedágio;;;KQW4792;Passeio;FIAT;PALIO;"6790200000365350	";Tag;PALIO;;2 eixos rodagem simples;2 eixos rodagem simples;RioSP;Rodovia Rio Santos, KM 419+900, Itaguaí - RJ;-4,10;0,00;-4,10;;Não
31acad94-4df2-44ca-ab4b-74e271a03d5b;17/12/2025;08:20:06;17/12/2025 08:22:43;Pedágio;;;NAX6H44;Passeio;RENAULT;KWID;"6790100005918650	";Tag;KWID;;2 eixos rodagem simples;2 eixos rodagem simples;Ecovias Ponte;Ponte Presidente Costa e Silva, KM 322+000, Niterói - RJ;-6,20;0,00;-6,20;;Não
82438f3b-7d59-4d05-816c-605d4c6b073d;17/12/2025;08:22:54;17/12/2025 08:24:02;Pedágio;;;TOL4D72;Passeio;FIAT;STRADA FREEDOM CD13;"6790100009073916	";Tag;STRADA FREEDOM CD13;;2 eixos rodagem simples;2 eixos rodagem simples;Ecovias Ponte;Ponte Presidente Costa e Silva, KM 322+000, Niterói - RJ;-6,20;0,00;-6,20;;Não
81f690fe-6819-4612-b652-8bccecb83490;17/12/2025;09:36:40;17/12/2025 10:16:30;Pedágio;;;NAX6H44;Passeio;RENAULT;KWID;"6790100005918650	";Tag;KWID;;2 eixos rodagem simples;2 eixos rodagem simples;Autopista Fluminense;BR-101, KM 252+000, Rio Bonito - RJ;-7,50;0,00;-7,50;;Não
24f7196a-7696-4d38-92f9-4bab74e25767;17/12/2025;09:37:03;17/12/2025 10:16:36;Pedágio;;;TOL4D72;Passeio;FIAT;STRADA FREEDOM CD13;"6790100009073916	";Tag;STRADA FREEDOM CD13;;2 eixos rodagem simples;2 eixos rodagem simples;Autopista Fluminense;BR-101, KM 252+000, Rio Bonito - RJ;-7,50;0,00;-7,50;;Não
cb24d4cb-d920-4576-9c2b-69a72a2872e9;17/12/2025;09:31:48;17/12/2025 10:21:23;Pedágio;;;PUC3186;Passeio;FIAT;UNO VIVACE 1.0;"6790100000821776	";Tag;UNO VIVACE;;2 eixos rodagem simples;2 eixos rodagem simples;Ecovias Rio Minas;BR-116, KM 207+100, Seropédica - RJ;-14,57;0,00;-14,57;;Não
648daaa7-18dc-4cf4-87f1-ab370222d286;17/12/2025;07:08:49;17/12/2025 10:32:24;Pedágio;;;KQW4792;Passeio;FIAT;PALIO;"6790200000365350	";Tag;PALIO;;2 eixos rodagem simples;2 eixos rodagem simples;RioSP;Rodovia Rio Santos, KM 419+900, Itaguaí - RJ;-4,10;0,00;-4,10;;Não
b06c5e87-c450-4273-b2e8-9ebf4d86abf9;17/12/2025;10:21:05;17/12/2025 10:48:23;Pedágio;;;NAX6H44;Passeio;RENAULT;KWID;"6790100005918650	";Tag;KWID;;2 eixos rodagem simples;2 eixos rodagem simples;Autopista Fluminense;BR-101, KM 192+000, Casimiro de Abreu - RJ;-7,50;0,00;-7,50;;Não
3772d34c-c69e-4153-a9aa-c81a05c0b496;17/12/2025;12:33:56;17/12/2025 12:36:01;Pedágio;;;TOJ0A45;Passeio;FIAT;FIAT ARGO;"6790100009571695	";Tag;FIAT ARGO;;2 eixos rodagem simples;2 eixos rodagem simples;Autopista Fluminense;BR-101, KM 252+000, Rio Bonito - RJ;-7,50;0,00;-7,50;;Não
62f47f57-d290-4794-a63a-ace0426c3bdc;17/12/2025;13:09:01;17/12/2025 13:10:17;Pedágio;;;TOJ0A45;Passeio;FIAT;FIAT ARGO;"6790100009571695	";Tag;FIAT ARGO;;2 eixos rodagem simples;2 eixos rodagem simples;Autopista Fluminense;BR-101, KM 299+000, São Gonçalo - RJ;-7,50;0,00;-7,50;;Não
d9b06f63-200e-45b5-87e5-a8a79fff9dbe;17/12/2025;14:21:10;17/12/2025 14:22:10;Pedágio;;;TOL4D72;Passeio;FIAT;STRADA FREEDOM CD13;"6790100009073916	";Tag;STRADA FREEDOM CD13;;2 eixos rodagem simples;2 eixos rodagem simples;Autopista Fluminense;BR-101, KM 192+000, Casimiro de Abreu - RJ;-7,50;0,00;-7,50;;Não
570544f2-4f81-4a0a-8b7f-8343ab03e5c4;17/12/2025;15:01:49;17/12/2025 15:02:42;Pedágio;;;TOL4D72;Passeio;FIAT;STRADA FREEDOM CD13;"6790100009073916	";Tag;STRADA FREEDOM CD13;;2 eixos rodagem simples;2 eixos rodagem simples;Autopista Fluminense;BR-101, KM 252+000, Rio Bonito - RJ;-7,50;0,00;-7,50;;Não
e9800b42-8622-4f77-be5c-3a9860013bce;17/12/2025;15:38:46;17/12/2025 15:39:47;Pedágio;;;TOL4D72;Passeio;FIAT;STRADA FREEDOM CD13;"6790100009073916	";Tag;STRADA FREEDOM CD13;;2 eixos rodagem simples;2 eixos rodagem simples;Autopista Fluminense;BR-101, KM 299+000, São Gonçalo - RJ;-7,50;0,00;-7,50;;Não
13b8f566-5832-4955-8751-93f78b951716;17/12/2025;17:08:40;17/12/2025 17:38:18;Pedágio;;;KQW4792;Passeio;FIAT;PALIO;"6790200000365350	";Tag;PALIO;;2 eixos rodagem simples;2 eixos rodagem simples;RioSP;Rodovia Rio Santos, KM 419+900, Itaguaí - RJ;-3,70;0,00;-3,70;;Não
217f22c2-cd59-4242-90e1-e597f44f6528;17/12/2025;18:36:30;17/12/2025 18:48:24;Pedágio;;;TOJ0A44;Passeio;FIAT;FIAT ARGO;"6790100009571836	";Tag;FIAT ARGO;;2 eixos rodagem simples;2 eixos rodagem simples;Ecovias Ponte;Ponte Presidente Costa e Silva, KM 322+000, Niterói - RJ;-6,20;0,00;-6,20;;Não
e8fb9490-f574-46dc-8515-50977c359b76;18/12/2025;07:14:13;18/12/2025 07:34:23;Pedágio;;;KQW4792;Passeio;FIAT;PALIO;"6790200000365350	";Tag;PALIO;;2 eixos rodagem simples;2 eixos rodagem simples;RioSP;Rodovia Rio Santos, KM 419+900, Itaguaí - RJ;-3,70;0,00;-3,70;;Não
2f8ed3c1-6796-4775-a0c2-4e45f96a9305;18/12/2025;08:25:04;18/12/2025 08:25:14;Pedágio;;;GCK9D18;Passeio;FIAT;PALIO WEEKEND;"6790100008630617	";Tag;FIAT PALIO WEEKEND;;2 eixos rodagem simples;2 eixos rodagem simples;Ecovias Capixaba;BR-101, KM 320+800, Guarapari - ES;-3,84;0,00;-3,84;;Não
2390acb2-b7f3-48b9-96bf-c27a16354307;18/12/2025;11:30:56;18/12/2025 11:31:34;Pedágio;;;TOJ0A45;Passeio;FIAT;FIAT ARGO;"6790100009571695	";Tag;FIAT ARGO;;2 eixos rodagem simples;2 eixos rodagem simples;Ecovias Rio Minas;BR-116, KM 207+100, Seropédica - RJ;-13,62;0,00;-13,62;;Não
27d30566-d3d5-4d5c-9885-8d9f2799f5a0;18/12/2025;11:48:11;18/12/2025 11:48:30;Pedágio;;;PUC3186;Passeio;FIAT;UNO VIVACE 1.0;"6790100000821776	";Tag;UNO VIVACE;;2 eixos rodagem simples;2 eixos rodagem simples;Elovias;BR-040, KM 102+000, Duque de Caxias - RJ;-19,95;0,00;-19,95;;Não
15df0b10-fbbb-40c0-bb72-d9fa7bbb3df8;18/12/2025;12:40:47;18/12/2025 12:41:25;Pedágio;;;PUC3186;Passeio;FIAT;UNO VIVACE 1.0;"6790100000821776	";Tag;UNO VIVACE;;2 eixos rodagem simples;2 eixos rodagem simples;Elovias;BR-040, KM 045+500, Petrópolis - RJ;-19,95;0,00;-19,95;;Não
a7966849-b777-4812-b396-df78f8063a49;18/12/2025;14:36:41;18/12/2025 14:40:48;Pedágio;;;TOJ0A45;Passeio;FIAT;FIAT ARGO;"6790100009571695	";Tag;FIAT ARGO;;2 eixos rodagem simples;2 eixos rodagem simples;Ecovias Rio Minas;BR-116, KM 207+100, Seropédica - RJ;-13,62;0,00;-13,62;;Não
0077a101-913a-4635-a0fc-beee875b01bb;18/12/2025;16:13:28;18/12/2025 16:21:24;Pedágio;;;TOL4D70;Passeio;FIAT;STRADA FREEDOM CD13;"6790100010321288	";Tag;STRADA FREEDOM CD13;;2 eixos rodagem simples;2 eixos rodagem simples;Elovias;BR-040, KM 102+000, Duque de Caxias - RJ;-19,79;0,00;-19,79;;Não
20c928ac-c658-46eb-8522-72d25e5c5b7f;18/12/2025;17:10:43;18/12/2025 17:26:32;Pedágio;;;TOL4D70;Passeio;FIAT;STRADA FREEDOM CD13;"6790100010321288	";Tag;STRADA FREEDOM CD13;;2 eixos rodagem simples;2 eixos rodagem simples;Ecovias Ponte;Ponte Presidente Costa e Silva, KM 322+000, Niterói - RJ;-6,20;0,00;-6,20;;Não
5cca7337-88e0-483f-a161-f81668561dc3;18/12/2025;17:58:57;18/12/2025 18:09:48;Pedágio;;;GCK9D18;Passeio;FIAT;PALIO WEEKEND;"6790100008630617	";Tag;FIAT PALIO WEEKEND;;2 eixos rodagem simples;2 eixos rodagem simples;Ecovias Capixaba;BR-101, KM 320+800, Guarapari - ES;-3,84;0,00;-3,84;;Não
4a72bbdd-6002-4b61-9ca9-8fda15f19d20;18/12/2025;20:32:40;18/12/2025 20:33:08;Pedágio;;;LQS5041;Passeio;FIAT;UNO;"6790100000232487	";Tag;UNO;;2 eixos rodagem simples;2 eixos rodagem simples;Autopista Fluminense;BR-101, KM 123+000, Campos dos Goytacazes - RJ;-7,50;0,00;-7,50;;Não
ff89af28-e9f6-48c9-b0d0-56ea0d36a290;18/12/2025;22:25:56;18/12/2025 22:26:40;Pedágio;;;LQS5041;Passeio;FIAT;UNO;"6790100000232487	";Tag;UNO;;2 eixos rodagem simples;2 eixos rodagem simples;Autopista Fluminense;BR-101, KM 192+000, Casimiro de Abreu - RJ;-7,50;0,00;-7,50;;Não
09ec7fce-4d00-4193-bc35-26f0dcd04e57;18/12/2025;23:12:19;18/12/2025 23:14:15;Pedágio;;;LQS5041;Passeio;FIAT;UNO;"6790100000232487	";Tag;UNO;;2 eixos rodagem simples;2 eixos rodagem simples;Autopista Fluminense;BR-101, KM 252+000, Rio Bonito - RJ;-7,50;0,00;-7,50;;Não
29156149-5a27-47e9-8fe2-61f5f24cff15;18/12/2025;23:54:50;18/12/2025 23:56:16;Pedágio;;;LQS5041;Passeio;FIAT;UNO;"6790100000232487	";Tag;UNO;;2 eixos rodagem simples;2 eixos rodagem simples;Autopista Fluminense;BR-101, KM 299+000, São Gonçalo - RJ;-7,50;0,00;-7,50;;Não
4a154e47-aa37-4714-8f7c-906493fd7366;19/12/2025;00:28:01;19/12/2025 00:41:57;Pedágio;;;TOL4D72;Passeio;FIAT;STRADA FREEDOM CD13;"6790100009073916	";Tag;STRADA FREEDOM CD13;;2 eixos rodagem simples;2 eixos rodagem simples;Ecovias Ponte;Ponte Presidente Costa e Silva, KM 322+000, Niterói - RJ;-6,20;0,00;-6,20;;Não
42b774ed-d527-4e8b-b0a7-5b6321df5ec9;19/12/2025;00:55:52;19/12/2025 00:56:06;Pedágio;;;LQS5041;Passeio;FIAT;UNO;"6790100000232487	";Tag;UNO;;2 eixos rodagem simples;2 eixos rodagem simples;Elovias;BR-040, KM 102+000, Duque de Caxias - RJ;-19,79;0,00;-19,79;;Não
2c463f72-2375-49fc-9a67-67edb22dffde;19/12/2025;08:40:34;19/12/2025 08:40:46;Pedágio;;;TOJ0A44;Passeio;FIAT;FIAT ARGO;"6790100009571836	";Tag;FIAT ARGO;;2 eixos rodagem simples;2 eixos rodagem simples;Ecovias Ponte;Ponte Presidente Costa e Silva, KM 322+000, Niterói - RJ;-6,20;0,00;-6,20;;Não
8198ad9e-a034-4492-bf3d-4392f98b48b3;19/12/2025;09:14:35;19/12/2025 09:19:05;Pedágio;;;TOJ0A45;Passeio;FIAT;FIAT ARGO;"6790100009571695	";Tag;FIAT ARGO;;2 eixos rodagem simples;2 eixos rodagem simples;Ecovias Ponte;Ponte Presidente Costa e Silva, KM 322+000, Niterói - RJ;-6,20;0,00;-6,20;;Não
46f6d72d-d252-497a-b06a-13b588ca97d1;19/12/2025;09:22:47;19/12/2025 09:24:42;Pedágio;;;TOJ0A40;Passeio;FIAT;FIAT ARGO;"6790100009572370	";Tag;FIAT ARGO;;2 eixos rodagem simples;2 eixos rodagem simples;Ecovias Ponte;Ponte Presidente Costa e Silva, KM 322+000, Niterói - RJ;-6,20;0,00;-6,20;;Não
0cb666a6-7808-42ac-9e93-13afeaad90e9;19/12/2025;10:16:45;19/12/2025 10:39:17;Pedágio;;;TOJ0A45;Passeio;FIAT;FIAT ARGO;"6790100009571695	";Tag;FIAT ARGO;;2 eixos rodagem simples;2 eixos rodagem simples;Autopista Fluminense;BR-101, KM 252+000, Rio Bonito - RJ;-7,50;0,00;-7,50;;Não
2747d1cd-34fd-46cf-b051-b189497f09e9;19/12/2025;10:21:49;19/12/2025 10:39:18;Pedágio;;;TOJ0A40;Passeio;FIAT;FIAT ARGO;"6790100009572370	";Tag;FIAT ARGO;;2 eixos rodagem simples;2 eixos rodagem simples;Autopista Fluminense;BR-101, KM 252+000, Rio Bonito - RJ;-7,50;0,00;-7,50;;Não
74f318da-35cd-48af-8310-3cd723547cca;19/12/2025;09:53:23;19/12/2025 10:42:29;Pedágio;;;TOJ0A44;Passeio;FIAT;FIAT ARGO;"6790100009571836	";Tag;FIAT ARGO;;2 eixos rodagem simples;2 eixos rodagem simples;Autopista Fluminense;BR-101, KM 252+000, Rio Bonito - RJ;-7,50;0,00;-7,50;;Não
00291ec8-f620-44e4-8e98-6e84283ebac4;19/12/2025;10:32:03;19/12/2025 10:46:35;Pedágio;;;NAX6H44;Passeio;RENAULT;KWID;"6790100005918650	";Tag;KWID;;2 eixos rodagem simples;2 eixos rodagem simples;Autopista Fluminense;BR-101, KM 299+000, São Gonçalo - RJ;-7,50;0,00;-7,50;;Não
4ef9a38c-8ec1-451a-a8e3-5fe31b47c957;19/12/2025;09:02:02;19/12/2025 10:48:15;Pedágio;;;NAX6H44;Passeio;RENAULT;KWID;"6790100005918650	";Tag;KWID;;2 eixos rodagem simples;2 eixos rodagem simples;Autopista Fluminense;BR-101, KM 192+000, Casimiro de Abreu - RJ;-7,50;0,00;-7,50;;Não
3a9a3ab7-c4ea-41e5-8faa-6117b63e806d;19/12/2025;09:51:33;19/12/2025 10:49:11;Pedágio;;;NAX6H44;Passeio;RENAULT;KWID;"6790100005918650	";Tag;KWID;;2 eixos rodagem simples;2 eixos rodagem simples;Autopista Fluminense;BR-101, KM 252+000, Rio Bonito - RJ;-7,50;0,00;-7,50;;Não
5861102a-88b6-47bb-b05d-71a007cfaf7f;19/12/2025;11:19:23;19/12/2025 11:20:29;Pedágio;;;PUC3186;Passeio;FIAT;UNO VIVACE 1.0;"6790100000821776	";Tag;UNO VIVACE;;2 eixos rodagem simples;2 eixos rodagem simples;Elovias;BR-040, KM 045+500, Petrópolis - RJ;-19,95;0,00;-19,95;;Não
958ed50e-3f7f-45f8-9b95-edb6782e7fe6;19/12/2025;12:05:01;19/12/2025 12:05:33;Pedágio;;;PUC3186;Passeio;FIAT;UNO VIVACE 1.0;"6790100000821776	";Tag;UNO VIVACE;;2 eixos rodagem simples;2 eixos rodagem simples;Elovias;BR-040, KM 102+000, Duque de Caxias - RJ;-19,95;0,00;-19,95;;Não
bd475648-92d2-409f-abd6-a8898f76fe7e;19/12/2025;12:40:42;19/12/2025 12:41:09;Pedágio;;;TOJ0A44;Passeio;FIAT;FIAT ARGO;"6790100009571836	";Tag;FIAT ARGO;;2 eixos rodagem simples;2 eixos rodagem simples;Autopista Fluminense;BR-101, KM 252+000, Rio Bonito - RJ;-7,50;0,00;-7,50;;Não
b641e085-1b05-4fca-9b23-28fa1d6fe7a6;19/12/2025;12:40:45;19/12/2025 12:41:11;Pedágio;;;TOJ0A45;Passeio;FIAT;FIAT ARGO;"6790100009571695	";Tag;FIAT ARGO;;2 eixos rodagem simples;2 eixos rodagem simples;Autopista Fluminense;BR-101, KM 252+000, Rio Bonito - RJ;-7,50;0,00;-7,50;;Não
34ae61f6-847c-4219-b85e-82d0ed4b5d32;19/12/2025;12:40:48;19/12/2025 12:41:11;Pedágio;;;TOJ0A40;Passeio;FIAT;FIAT ARGO;"6790100009572370	";Tag;FIAT ARGO;;2 eixos rodagem simples;2 eixos rodagem simples;Autopista Fluminense;BR-101, KM 252+000, Rio Bonito - RJ;-7,50;0,00;-7,50;;Não
ad2f830a-c429-4790-95e3-17426e5797e5;19/12/2025;13:14:02;19/12/2025 13:14:49;Pedágio;;;TOJ0A44;Passeio;FIAT;FIAT ARGO;"6790100009571836	";Tag;FIAT ARGO;;2 eixos rodagem simples;2 eixos rodagem simples;Autopista Fluminense;BR-101, KM 299+000, São Gonçalo - RJ;-7,50;0,00;-7,50;;Não
c3d36f1f-f2b0-4d9d-8d71-f5069f50c395;19/12/2025;13:14:08;19/12/2025 13:14:52;Pedágio;;;TOJ0A45;Passeio;FIAT;FIAT ARGO;"6790100009571695	";Tag;FIAT ARGO;;2 eixos rodagem simples;2 eixos rodagem simples;Autopista Fluminense;BR-101, KM 299+000, São Gonçalo - RJ;-7,50;0,00;-7,50;;Não
41a23779-1aba-4dd1-856a-34acc226921a;19/12/2025;13:14:18;19/12/2025 13:15:35;Pedágio;;;TOJ0A40;Passeio;FIAT;FIAT ARGO;"6790100009572370	";Tag;FIAT ARGO;;2 eixos rodagem simples;2 eixos rodagem simples;Autopista Fluminense;BR-101, KM 299+000, São Gonçalo - RJ;-7,50;0,00;-7,50;;Não
52c2e8d0-7962-4f16-8813-bf4d40bb5ec8;19/12/2025;17:55:05;19/12/2025 18:57:05;Pedágio;;;TOL4D72;Passeio;FIAT;STRADA FREEDOM CD13;"6790100009073916	";Tag;STRADA FREEDOM CD13;;2 eixos rodagem simples;2 eixos rodagem simples;Ecovias Ponte;Ponte Presidente Costa e Silva, KM 322+000, Niterói - RJ;-6,20;0,00;-6,20;;Não
6b4c0569-f8f5-4a6f-a367-7f5e140fae77;17/12/2025;11:54:12;19/12/2025 20:09:07;Pedágio;;;TOJ0A45;Passeio;FIAT;FIAT ARGO;"6790100009571695	";Tag;FIAT ARGO;;2 eixos rodagem simples;2 eixos rodagem simples;Autopista Fluminense;BR-101, KM 192+000, Casimiro de Abreu - RJ;-7,50;0,00;-7,50;;Não
2f3e53ca-2073-436a-8d5a-92316d3d4e72;17/12/2025;10:20:46;19/12/2025 20:15:56;Pedágio;;;TOL4D72;Passeio;FIAT;STRADA FREEDOM CD13;"6790100009073916	";Tag;STRADA FREEDOM CD13;;2 eixos rodagem simples;2 eixos rodagem simples;Autopista Fluminense;BR-101, KM 192+000, Casimiro de Abreu - RJ;-7,50;0,00;-7,50;;Não
e42e63ba-836e-4f19-98fb-47f94db64965;16/12/2025;13:34:33;19/12/2025 22:09:21;Pedágio;;;TOJ0A40;Passeio;FIAT;FIAT ARGO;"6790100009572370	";Tag;FIAT ARGO;;2 eixos rodagem simples;2 eixos rodagem simples;Rota 116;RJ-116, KM 090+000, Nova Friburgo - RJ;-9,60;0,00;-9,60;;Não
1d5eaf3d-240b-47fb-98bf-5b95db72af8a;19/12/2025;20:52:18;19/12/2025 22:15:50;Estacionamento;;;RMR6D75;Passeio;MITSUBISHI;TRITON SPO GL;"6790100000196989	";Tag;L200;; ; ;Shopping Vitória;Avenida Américo Buaiz 200 Vitória - ES;-13,00;0,00;-13,00;;Não
2ef508fb-9edf-4ab8-b38f-5d2e042bdc14;20/12/2025;07:51:05;20/12/2025 07:51:51;Pedágio;;;PUC3186;Passeio;FIAT;UNO VIVACE 1.0;"6790100000821776	";Tag;UNO VIVACE;;2 eixos rodagem simples;2 eixos rodagem simples;Ecovias Rio Minas;BR-116, KM 207+100, Seropédica - RJ;-14,57;0,00;-14,57;;Não
d1142c8f-0101-4dc8-89d7-efa8af505fe2;18/12/2025;20:42:17;20/12/2025 11:34:33;Pedágio;;;LQS5041;Passeio;FIAT;UNO;"6790100000232487	";Tag;UNO;;2 eixos rodagem simples;2 eixos rodagem simples;Autopista Fluminense;BR-101, KM 123+000, Campos dos Goytacazes - RJ;-7,50;0,00;-7,50;;Não
26546946-e630-49ee-9a78-5cab0154485f;20/12/2025;14:28:46;20/12/2025 14:29:10;Pedágio;;;PUC3186;Passeio;FIAT;UNO VIVACE 1.0;"6790100000821776	";Tag;UNO VIVACE;;2 eixos rodagem simples;2 eixos rodagem simples;Ecovias Rio Minas;BR-116, KM 207+100, Seropédica - RJ;-13,62;0,00;-13,62;;Não
35a1a65a-f401-4158-8744-0612ba83b7fb;22/12/2025;07:24:04;22/12/2025 07:38:01;Pedágio;;;QXL0J20;Passeio;RENAULT;KWID;"6790100003644134	";Tag;KWID;;2 eixos rodagem simples;2 eixos rodagem simples;RioSP;Rodovia Rio Santos, KM 419+900, Itaguaí - RJ;-3,70;0,00;-3,70;;Não
f1bd384d-8927-441c-a814-fb4b90b65b56;22/12/2025;07:56:05;22/12/2025 07:56:23;Pedágio;;;NAX6H44;Passeio;RENAULT;KWID;"6790100005918650	";Tag;KWID;;2 eixos rodagem simples;2 eixos rodagem simples;Ecovias Ponte;Ponte Presidente Costa e Silva, KM 322+000, Niterói - RJ;-6,20;0,00;-6,20;;Não
8954fd3a-261c-4f9e-9ccf-d32ee945905d;22/12/2025;08:27:43;22/12/2025 08:27:53;Pedágio;;;GCK9D18;Passeio;FIAT;PALIO WEEKEND;"6790100008630617	";Tag;FIAT PALIO WEEKEND;;2 eixos rodagem simples;2 eixos rodagem simples;Ecovias Capixaba;BR-101, KM 320+800, Guarapari - ES;-3,73;0,00;-3,73;;Não
d760a4f9-411c-41b7-bcf2-1334707ee60e;22/12/2025;08:11:22;22/12/2025 08:34:46;Pedágio;;;PUC3186;Passeio;FIAT;UNO VIVACE 1.0;"6790100000821776	";Tag;UNO VIVACE;;2 eixos rodagem simples;2 eixos rodagem simples;ViaRio;Corredor Presidente Tancredo Neves, KM 004+500, Rio de Janeiro - RJ;-8,95;0,00;-8,95;;Não
fcf55aa4-3853-4a9e-99ef-02eb86b342c6;22/12/2025;08:43:20;22/12/2025 09:02:32;Pedágio;;;RTG4I96;Passeio;FIAT;STRADA FREEDOM;"6790100005918593	";Tag;STRADA FREEDOM;;2 eixos rodagem simples;2 eixos rodagem simples;RioSP;Rodovia Rio Santos, KM 419+900, Itaguaí - RJ;-4,10;0,00;-4,10;;Não
64f7ecf9-5768-45e1-8fef-45f737aa0f1b;22/12/2025;09:34:23;22/12/2025 09:34:32;Pedágio;;;TOJ0A44;Passeio;FIAT;FIAT ARGO;"6790100009571836	";Tag;FIAT ARGO;;2 eixos rodagem simples;2 eixos rodagem simples;Ecovias Ponte;Ponte Presidente Costa e Silva, KM 322+000, Niterói - RJ;-6,20;0,00;-6,20;;Não
b7e34892-3eb6-45eb-8899-fee45508743e;22/12/2025;09:50:08;22/12/2025 09:50:18;Pedágio;;;TOL4D70;Passeio;FIAT;STRADA FREEDOM CD13;"6790100010321288	";Tag;STRADA FREEDOM CD13;;2 eixos rodagem simples;2 eixos rodagem simples;Ecovias Ponte;Ponte Presidente Costa e Silva, KM 322+000, Niterói - RJ;-6,20;0,00;-6,20;;Não
f7a1c182-8bd1-4c80-8aee-2a7a6e15d373;22/12/2025;10:38:57;22/12/2025 10:40:10;Pedágio;;;TOJ0A44;Passeio;FIAT;FIAT ARGO;"6790100009571836	";Tag;FIAT ARGO;;2 eixos rodagem simples;2 eixos rodagem simples;Autopista Fluminense;BR-101, KM 252+000, Rio Bonito - RJ;-7,50;0,00;-7,50;;Não
a31d74a7-be49-4b54-b323-d11bcf32258c;22/12/2025;11:00:16;22/12/2025 11:01:14;Pedágio;;;TOL4D70;Passeio;FIAT;STRADA FREEDOM CD13;"6790100010321288	";Tag;STRADA FREEDOM CD13;;2 eixos rodagem simples;2 eixos rodagem simples;Autopista Fluminense;BR-101, KM 252+000, Rio Bonito - RJ;-7,50;0,00;-7,50;;Não
c675e356-c1f5-4ce5-b363-1d26f47c6a69;22/12/2025;11:25:31;22/12/2025 11:26:14;Pedágio;;;TOJ0A44;Passeio;FIAT;FIAT ARGO;"6790100009571836	";Tag;FIAT ARGO;;2 eixos rodagem simples;2 eixos rodagem simples;Autopista Fluminense;BR-101, KM 192+000, Casimiro de Abreu - RJ;-7,50;0,00;-7,50;;Não
9d533757-ebd1-4fa1-a5ce-2c9b41a3b31f;22/12/2025;11:45:24;22/12/2025 11:46:07;Pedágio;;;TOL4D70;Passeio;FIAT;STRADA FREEDOM CD13;"6790100010321288	";Tag;STRADA FREEDOM CD13;;2 eixos rodagem simples;2 eixos rodagem simples;Autopista Fluminense;BR-101, KM 192+000, Casimiro de Abreu - RJ;-7,50;0,00;-7,50;;Não
a02ad782-fa36-4a4d-bcde-82364472a458;22/12/2025;14:32:55;22/12/2025 14:53:14;Pedágio;;;PUC3186;Passeio;FIAT;UNO VIVACE 1.0;"6790100000821776	";Tag;UNO VIVACE;;2 eixos rodagem simples;2 eixos rodagem simples;ViaRio;Corredor Presidente Tancredo Neves, KM 004+500, Rio de Janeiro - RJ;-8,95;0,00;-8,95;;Não
c08a2e8c-a04d-46b5-bf2b-dcfed47635aa;22/12/2025;16:16:47;22/12/2025 17:24:13;Pedágio;;;GCK9D18;Passeio;FIAT;PALIO WEEKEND;"6790100008630617	";Tag;FIAT PALIO WEEKEND;;2 eixos rodagem simples;2 eixos rodagem simples;Ecovias Capixaba;BR-101, KM 320+800, Guarapari - ES;-3,73;0,00;-3,73;;Não
f415230d-0570-4ed1-8001-d0963237c668;22/12/2025;17:30:37;22/12/2025 17:41:27;Pedágio;;;QXL0J20;Passeio;RENAULT;KWID;"6790100003644134	";Tag;KWID;;2 eixos rodagem simples;2 eixos rodagem simples;RioSP;Rodovia Rio Santos, KM 419+900, Itaguaí - RJ;-3,70;0,00;-3,70;;Não
eda931d6-862e-48b2-9cb3-4e488ff67eff;22/12/2025;17:32:46;22/12/2025 17:54:13;Pedágio;;;RTG4I96;Passeio;FIAT;STRADA FREEDOM;"6790100005918593	";Tag;STRADA FREEDOM;;2 eixos rodagem simples;2 eixos rodagem simples;RioSP;Rodovia Rio Santos, KM 419+900, Itaguaí - RJ;-4,10;0,00;-4,10;;Não
117e9847-f9f8-4b7b-9a1a-a31dbd853e14;22/12/2025;18:11:49;22/12/2025 18:11:56;Pedágio;;;TOL4D72;Passeio;FIAT;STRADA FREEDOM CD13;"6790100009073916	";Tag;STRADA FREEDOM CD13;;2 eixos rodagem simples;2 eixos rodagem simples;Ecovias Ponte;Ponte Presidente Costa e Silva, KM 322+000, Niterói - RJ;-6,20;0,00;-6,20;;Não
0c38c4a8-6668-4676-9d43-3c9cf31791d9;22/12/2025;18:59:13;22/12/2025 19:00:14;Pedágio;;;TOJ0A44;Passeio;FIAT;FIAT ARGO;"6790100009571836	";Tag;FIAT ARGO;;2 eixos rodagem simples;2 eixos rodagem simples;Autopista Fluminense;BR-101, KM 252+000, Rio Bonito - RJ;-7,50;0,00;-7,50;;Não
927156fa-3ce1-4188-b9d6-720e9ebee664;22/12/2025;19:35:17;22/12/2025 19:36:10;Pedágio;;;TOJ0A44;Passeio;FIAT;FIAT ARGO;"6790100009571836	";Tag;FIAT ARGO;;2 eixos rodagem simples;2 eixos rodagem simples;Autopista Fluminense;BR-101, KM 299+000, São Gonçalo - RJ;-7,50;0,00;-7,50;;Não
523f0b59-63cb-4c4b-93f2-a42dcbe1baba;22/12/2025;19:35:08;22/12/2025 19:36:10;Pedágio;;;TOL4D70;Passeio;FIAT;STRADA FREEDOM CD13;"6790100010321288	";Tag;STRADA FREEDOM CD13;;2 eixos rodagem simples;2 eixos rodagem simples;Autopista Fluminense;BR-101, KM 299+000, São Gonçalo - RJ;-7,50;0,00;-7,50;;Não
207307aa-2e48-49ec-acc4-7ac772154748;22/12/2025;18:59:16;22/12/2025 20:32:23;Pedágio;;;TOL4D70;Passeio;FIAT;STRADA FREEDOM CD13;"6790100010321288	";Tag;STRADA FREEDOM CD13;;2 eixos rodagem simples;2 eixos rodagem simples;Autopista Fluminense;BR-101, KM 252+000, Rio Bonito - RJ;-7,50;0,00;-7,50;;Não
5319d9f5-1280-44cd-b4ed-28b234219653;22/12/2025;18:13:18;22/12/2025 21:02:44;Pedágio;;;TOL4D70;Passeio;FIAT;STRADA FREEDOM CD13;"6790100010321288	";Tag;STRADA FREEDOM CD13;;2 eixos rodagem simples;2 eixos rodagem simples;Autopista Fluminense;BR-101, KM 192+000, Casimiro de Abreu - RJ;-7,50;0,00;-7,50;;Não
353935ad-2c40-4905-8ca6-f61e4690d669;22/12/2025;18:13:20;22/12/2025 21:24:08;Pedágio;;;TOJ0A44;Passeio;FIAT;FIAT ARGO;"6790100009571836	";Tag;FIAT ARGO;;2 eixos rodagem simples;2 eixos rodagem simples;Autopista Fluminense;BR-101, KM 192+000, Casimiro de Abreu - RJ;-7,50;0,00;-7,50;;Não
a5e4dcee-caf2-4cae-bd5d-b310b3056ff8;23/12/2025;08:24:48;23/12/2025 08:25:06;Pedágio;;;QXL0J20;Passeio;RENAULT;KWID;"6790100003644134	";Tag;KWID;;2 eixos rodagem simples;2 eixos rodagem simples;Ecovias Rio Minas;BR-493, KM 112+700, Itaguaí - RJ;-9,61;0,00;-9,61;;Não
dc4a0dd5-4537-41de-8938-b7f28cac7864;23/12/2025;09:10:05;23/12/2025 09:10:18;Pedágio;;;TOJ0A40;Passeio;FIAT;FIAT ARGO;"6790100009572370	";Tag;FIAT ARGO;;2 eixos rodagem simples;2 eixos rodagem simples;LAMSA;Avenida Governador Carlos Lacerda, KM 004+000, Rio de Janeiro - RJ;-3,80;0,00;-3,80;;Não
ff943382-8ee5-41cf-b661-1a078780dc9f;23/12/2025;09:35:20;23/12/2025 09:35:36;Pedágio;;;TOJ0A44;Passeio;FIAT;FIAT ARGO;"6790100009571836	";Tag;FIAT ARGO;;2 eixos rodagem simples;2 eixos rodagem simples;Ecovias Ponte;Ponte Presidente Costa e Silva, KM 322+000, Niterói - RJ;-6,20;0,00;-6,20;;Não
6ab37c9e-36a2-45d5-8e57-be65ab0d2690;23/12/2025;09:58:53;23/12/2025 09:59:22;Pedágio;;;NAX6H44;Passeio;RENAULT;KWID;"6790100005918650	";Tag;KWID;;2 eixos rodagem simples;2 eixos rodagem simples;Ecovias Rio Minas;BR-116, KM 207+100, Seropédica - RJ;-12,74;0,00;-12,74;;Não
22014505-ba49-4248-ae63-b97632ecb5fa;23/12/2025;10:12:35;23/12/2025 10:12:50;Pedágio;;;TOL4D72;Passeio;FIAT;STRADA FREEDOM CD13;"6790100009073916	";Tag;STRADA FREEDOM CD13;;2 eixos rodagem simples;2 eixos rodagem simples;Ecovias Ponte;Ponte Presidente Costa e Silva, KM 322+000, Niterói - RJ;-6,20;0,00;-6,20;;Não
d2536776-78cd-411d-a0e0-2ec9a95e23b3;23/12/2025;10:46:26;23/12/2025 10:47:35;Pedágio;;;TOJ0A44;Passeio;FIAT;FIAT ARGO;"6790100009571836	";Tag;FIAT ARGO;;2 eixos rodagem simples;2 eixos rodagem simples;Autopista Fluminense;BR-101, KM 252+000, Rio Bonito - RJ;-7,50;0,00;-7,50;;Não