Data da Geração: 01/12/2025;;;;;;;;;;;;;;;;;;;;;;;
Código do Contrato: 976;;;;;;;;;;;;;;;;;;;;;;;
Nome do Contrato:;;;;;;;;;;;;;;;;;;;;;;;
Cliente: CENTAURO ENGENHARIA E INFORMATICA LTDA - EPP;;;;;;;;;;;;;;;;;;;;;;;
Código da Fatura: 394429;;;;;;;;;;;;;;;;;;;;;;;
Mês de referência: nov./2025;;;;;;;;;;;;;;;;;;;;;;;
Período apurado: 01/11/2025 à 30/11/2025;;;;;;;;;;;;;;;;;;;;;;;
Vencimento: 05/12/2025;;;;;;;;;;;;;;;;;;;;;;;
Status da fatura: A Pagar;;;;;;;;;;;;;;;;;;;;;;;
Código;Data da Transação;Hora da Transação;Data do Processamento;Tipo de Transação;Data da ativação;Quantidade de requisições;Placa;Tipo de Veículo;Marca do Veículo;Modelo do Veículo;TAG;Tipo de Tag;Apelido;Hierarquia;Categoria Cadastrada;Categoria cobrada;Estabelecimento;Endereço;Valor da Transação(R$);Valor utilizado de vale-pedágio(R$);Valor cobrado(R$);Valor Pago;MDF-e
6685873;01/12/2025;07:57:42;01/12/2025 07:57:42;Mensalidade de Tag;24/02/2022;;KQW4792;Passeio;FIAT;PALIO;"6790200000365350	";Tag;PALIO;;;;;;-11,30;0,00;-11,30;;Não
6685876;01/12/2025;07:57:42;01/12/2025 07:57:42;Mensalidade de Tag;24/02/2022;;RQR3J79;Passeio;RENAULT;OROCH;"6790200000376845	";Tag;OROCH;;;;;;-11,30;0,00;-11,30;;Não
6685881;01/12/2025;07:57:42;01/12/2025 07:57:42;Mensalidade de Tag;03/03/2022;;RQR3J33;Passeio;RENAULT;OROCH;"6790200000351632	";Tag;OROCH;;;;;;-11,30;0,00;-11,30;;Não
6685883;01/12/2025;07:57:42;01/12/2025 07:57:42;Mensalidade de Tag;25/11/2022;;PUC3186;Passeio;FIAT;UNO VIVACE 1.0;"6790100000821776	";Tag;UNO VIVACE;;;;;;-11,30;0,00;-11,30;;Não
6685885;01/12/2025;07:57:42;01/12/2025 07:57:42;Mensalidade de Tag;24/02/2022;;LQS5041;Passeio;FIAT;UNO;"6790100000232487	";Tag;UNO;;;;;;-11,30;0,00;-11,30;;Não
6685887;01/12/2025;07:57:42;01/12/2025 07:57:42;Mensalidade de Tag;24/02/2022;;LRJ3D09;Passeio;CHEVROLET;s10;"6790100001995868	";Tag;s10;;;;;;-11,30;0,00;-11,30;;Não
6685889;01/12/2025;07:57:42;01/12/2025 07:57:42;Mensalidade de Tag;25/11/2022;;PVP5398;Passeio;CHEVROLET;CHEVROLET MONTANA LS;"6790100000137058	";Tag;CHEVROLET MONTANA LS;;;;;;-11,30;0,00;-11,30;;Não
6685891;01/12/2025;07:57:42;01/12/2025 07:57:42;Mensalidade de Tag;30/11/2023;;RMR6D75;Passeio;MITSUBISHI;TRITON SPO GL;"6790100000196989	";Tag;L200;;;;;;-11,30;0,00;-11,30;;Não
6685893;01/12/2025;07:57:42;01/12/2025 07:57:42;Mensalidade de Tag;18/01/2024;;RMS4F05;Passeio;TOYOTA;/TOYOTA HILUX CDLOWM;"6790100000196997	";Tag;HILUX;;;;;;-11,30;0,00;-11,30;;Não
6685895;01/12/2025;07:57:42;01/12/2025 07:57:42;Mensalidade de Tag;19/04/2024;;QXL0J20;Passeio;RENAULT;KWID;"6790100003644134	";Tag;KWID;;;;;;-11,30;0,00;-11,30;;Não
6685897;01/12/2025;07:57:42;01/12/2025 07:57:42;Mensalidade de Tag;24/02/2022;;KZP9I09;Passeio;CHEVROLET;s10;"6790100001694933	";Tag;s10;;;;;;-11,30;0,00;-11,30;;Não
6685899;01/12/2025;07:57:42;01/12/2025 07:57:42;Mensalidade de Tag;13/12/2024;;NAX6H44;Passeio;RENAULT;KWID;"6790100005918650	";Tag;KWID;;;;;;-11,30;0,00;-11,30;;Não
6685901;01/12/2025;07:57:42;01/12/2025 07:57:42;Mensalidade de Tag;23/02/2024;;RTG4I96;Passeio;FIAT;STRADA FREEDOM;"6790100005918593	";Tag;STRADA FREEDOM;;;;;;-11,30;0,00;-11,30;;Não
6685903;01/12/2025;07:57:42;01/12/2025 07:57:42;Mensalidade de Tag;08/07/2025;;GCK9D18;Passeio;FIAT;PALIO WEEKEND;"6790100008630617	";Tag;FIAT PALIO WEEKEND;;;;;;-11,30;0,00;-11,30;;Não
6685905;01/12/2025;07:57:42;01/12/2025 07:57:42;Mensalidade de Tag;24/02/2022;;LLV7582;Passeio;FIAT;STRADA;"6790100005920235	";Tag;STRADA;;;;;;-11,30;0,00;-11,30;;Não
6685906;01/12/2025;07:57:42;01/12/2025 07:57:42;Mensalidade de Tag;15/08/2025;;TOJ0A40;Passeio;FIAT;FIAT ARGO;"6790100009572370	";Tag;FIAT ARGO;;;;;;-11,30;0,00;-11,30;;Não
6685909;01/12/2025;07:57:42;01/12/2025 07:57:42;Mensalidade de Tag;15/08/2025;;TOJ0A44;Passeio;FIAT;FIAT ARGO;"6790100009571836	";Tag;FIAT ARGO;;;;;;-11,30;0,00;-11,30;;Não
6685911;01/12/2025;07:57:42;01/12/2025 07:57:42;Mensalidade de Tag;15/08/2025;;TOJ0A45;Passeio;FIAT;FIAT ARGO;"6790100009571695	";Tag;FIAT ARGO;;;;;;-11,30;0,00;-11,30;;Não
6685913;01/12/2025;07:57:42;01/12/2025 07:57:42;Mensalidade de Tag;10/11/2025;;TOL4D70;Passeio;FIAT;STRADA FREEDOM CD13;"6790100010321288	";Tag;STRADA FREEDOM CD13;;;;;;-11,30;0,00;-11,30;;Não
6685917;01/12/2025;07:57:42;01/12/2025 07:57:42;Mensalidade de Tag;10/11/2025;;TOL4D72;Passeio;FIAT;STRADA FREEDOM CD13;"6790100009073916	";Tag;STRADA FREEDOM CD13;;;;;;-11,30;0,00;-11,30;;Não
6685921;01/12/2025;07:57:42;01/12/2025 07:57:42;Mensalidade de Tag em estoque (1);;;;;;;;;;;;;;;-11,30;0,00;-11,30;;Não
a49640b9-3666-4f71-a9f4-b1294d5c1239;03/11/2025;12:06:25;03/11/2025 12:27:38;Pedágio;;;TOJ0A45;Passeio;FIAT;FIAT ARGO;"6790100009571695	";Tag;FIAT ARGO;;2 eixos rodagem simples;2 eixos rodagem simples;Ecovias Ponte;Ponte Presidente Costa e Silva, KM 322+000, Niterói - RJ;-6,20;0,00;-6,20;;Não
20fb8481-e578-45cd-b998-304078b10d88;03/11/2025;12:20:30;03/11/2025 12:36:36;Pedágio;;;KZP9I09;Passeio;CHEVROLET;s10;"6790100001694933	";Tag;s10;;2 eixos rodagem simples;3 eixos rodagem simples;Ecovias Capixaba;BR-101, KM 241+700, Serra - ES;-5,99;0,00;-5,99;;Não
7b825d02-2887-4b81-b63f-3990995d0f32;03/11/2025;12:43:16;03/11/2025 12:53:07;Pedágio;;;LLV7582;Passeio;FIAT;STRADA;"6790100005920235	";Tag;STRADA;;2 eixos rodagem simples;2 eixos rodagem simples;LAMSA;Avenida Governador Carlos Lacerda, KM 004+000, Rio de Janeiro - RJ;-3,80;0,00;-3,80;;Não
79ec2e0c-bfa6-4799-8bb5-0eb653c3ff45;03/11/2025;13:07:28;03/11/2025 13:08:39;Pedágio;;;TOJ0A45;Passeio;FIAT;FIAT ARGO;"6790100009571695	";Tag;FIAT ARGO;;2 eixos rodagem simples;2 eixos rodagem simples;Autopista Fluminense;BR-101, KM 252+000, Rio Bonito - RJ;-7,50;0,00;-7,50;;Não
935e1214-3022-4302-9215-3fdb59e65e14;03/11/2025;12:52:37;03/11/2025 13:12:44;Pedágio;;;TOJ0A40;Passeio;FIAT;FIAT ARGO;"6790100009572370	";Tag;FIAT ARGO;;2 eixos rodagem simples;2 eixos rodagem simples;RioSP;Rodovia Rio Santos, KM 419+900, Itaguaí - RJ;-4,56;0,00;-4,56;;Não
b26bc5e7-33b6-4e8b-9b30-11f058c6ec30;03/11/2025;13:18:48;03/11/2025 13:41:08;Pedágio;;;TOJ0A40;Passeio;FIAT;FIAT ARGO;"6790100009572370	";Tag;FIAT ARGO;;2 eixos rodagem simples;2 eixos rodagem simples;RioSP;Rodovia Rio Santos, KM 447+300, Mangaratiba - RJ;-4,56;0,00;-4,56;;Não
76d356b2-e3a3-4dd6-bc0d-f2b1ff8dfa33;03/11/2025;13:46:06;03/11/2025 13:46:50;Pedágio;;;TOJ0A45;Passeio;FIAT;FIAT ARGO;"6790100009571695	";Tag;FIAT ARGO;;2 eixos rodagem simples;2 eixos rodagem simples;Autopista Fluminense;BR-101, KM 192+000, Casimiro de Abreu - RJ;-7,50;0,00;-7,50;;Não
86c7fa70-9eff-4d33-8cdf-bb9b8766d1bd;03/11/2025;14:36:02;03/11/2025 14:37:30;Pedágio;;;TOJ0A45;Passeio;FIAT;FIAT ARGO;"6790100009571695	";Tag;FIAT ARGO;;2 eixos rodagem simples;2 eixos rodagem simples;Autopista Fluminense;BR-101, KM 123+000, Campos dos Goytacazes - RJ;-7,50;0,00;-7,50;;Não
178ee8b7-6184-4825-96b7-1cdaa713fe1b;03/11/2025;16:10:56;03/11/2025 16:27:49;Pedágio;;;TOJ0A40;Passeio;FIAT;FIAT ARGO;"6790100009572370	";Tag;FIAT ARGO;;2 eixos rodagem simples;2 eixos rodagem simples;RioSP;Rodovia Rio Santos, KM 447+300, Mangaratiba - RJ;-4,56;0,00;-4,56;;Não
9c62c143-f36b-4f13-95e7-17035354e9c6;03/11/2025;16:35:23;03/11/2025 16:38:59;Pedágio;;;TOJ0A44;Passeio;FIAT;FIAT ARGO;"6790100009571836	";Tag;FIAT ARGO;;2 eixos rodagem simples;2 eixos rodagem simples;Ecovias Rio Minas;BR-493, KM 112+700, Itaguaí - RJ;-9,98;0,00;-9,98;;Não
cb0df32f-ba42-4bc5-9c59-216556304b12;03/11/2025;16:37:20;03/11/2025 16:56:53;Pedágio;;;TOJ0A40;Passeio;FIAT;FIAT ARGO;"6790100009572370	";Tag;FIAT ARGO;;2 eixos rodagem simples;2 eixos rodagem simples;RioSP;Rodovia Rio Santos, KM 419+900, Itaguaí - RJ;-4,56;0,00;-4,56;;Não
7853be24-ae4a-4edb-ae72-49ee382ce8bb;03/11/2025;17:04:52;03/11/2025 17:41:57;Pedágio;;;LLV7582;Passeio;FIAT;STRADA;"6790100005920235	";Tag;STRADA;;2 eixos rodagem simples;2 eixos rodagem simples;ViaRio;Corredor Presidente Tancredo Neves, KM 004+500, Rio de Janeiro - RJ;-8,95;0,00;-8,95;;Não
447a47f6-e0bb-422c-a4bd-caf5c942c823;03/11/2025;18:28:35;03/11/2025 18:28:52;Pedágio;;;TOJ0A44;Passeio;FIAT;FIAT ARGO;"6790100009571836	";Tag;FIAT ARGO;;2 eixos rodagem simples;2 eixos rodagem simples;Ecovias Rio Minas;BR-493, KM 112+700, Itaguaí - RJ;-9,98;0,00;-9,98;;Não
89e3abbb-fdbf-4c95-b113-0e02f1ddd5f1;04/11/2025;08:23:16;04/11/2025 08:23:27;Pedágio;;;GCK9D18;Passeio;FIAT;PALIO WEEKEND;"6790100008630617	";Tag;FIAT PALIO WEEKEND;;2 eixos rodagem simples;2 eixos rodagem simples;Ecovias Capixaba;BR-101, KM 320+800, Guarapari - ES;-4,09;0,00;-4,09;;Não
f1ea98ad-1d7e-4076-ab11-6d6b670dddbc;04/11/2025;08:40:06;04/11/2025 08:40:34;Pedágio;;;NAX6H44;Passeio;RENAULT;KWID;"6790100005918650	";Tag;KWID;;2 eixos rodagem simples;2 eixos rodagem simples;Ecovias Rio Minas;BR-116, KM 207+100, Seropédica - RJ;-15,58;0,00;-15,58;;Não
451c1c20-7a51-41d3-aa18-f3826c5d519a;04/11/2025;11:57:53;04/11/2025 11:57:59;Pedágio;;;KQW4792;Passeio;FIAT;PALIO;"6790200000365350	";Tag;PALIO;;2 eixos rodagem simples;2 eixos rodagem simples;Ecovias Ponte;Ponte Presidente Costa e Silva, KM 322+000, Niterói - RJ;-6,20;0,00;-6,20;;Não
c9a75bd8-e4b3-472d-9f3f-052935b60be0;04/11/2025;13:11:11;04/11/2025 13:11:32;Pedágio;;;RMS4F05;Passeio;TOYOTA;/TOYOTA HILUX CDLOWM;"6790100000196997	";Tag;HILUX;;2 eixos rodagem simples;2 eixos rodagem simples;Ecovias Capixaba;BR-101, KM 241+700, Serra - ES;-3,99;0,00;-3,99;;Não
0639af8a-7b75-46c2-9c9b-7e4f4d979daf;04/11/2025;14:01:04;04/11/2025 14:46:12;Pedágio;;;KQW4792;Passeio;FIAT;PALIO;"6790200000365350	";Tag;PALIO;;2 eixos rodagem simples;2 eixos rodagem simples;ViaLagos;RJ-124, KM 021+500, Rio Bonito - RJ;-18,40;0,00;-18,40;;Não
ade60a84-e79f-407c-bd28-75c2313c8645;04/11/2025;17:18:08;04/11/2025 17:19:11;Pedágio;;;GCK9D18;Passeio;FIAT;PALIO WEEKEND;"6790100008630617	";Tag;FIAT PALIO WEEKEND;;2 eixos rodagem simples;2 eixos rodagem simples;Ecovias Capixaba;BR-101, KM 320+800, Guarapari - ES;-4,09;0,00;-4,09;;Não
22a941a1-8ba2-45de-8679-5117de0d156f;04/11/2025;17:58:08;04/11/2025 17:58:23;Pedágio;;;NAX6H44;Passeio;RENAULT;KWID;"6790100005918650	";Tag;KWID;;2 eixos rodagem simples;2 eixos rodagem simples;Ecovias Rio Minas;BR-116, KM 207+100, Seropédica - RJ;-15,58;0,00;-15,58;;Não
e83cc673-9f24-4ffe-8a8b-53a64c95f348;04/11/2025;18:11:57;04/11/2025 18:12:12;Pedágio;;;TOJ0A40;Passeio;FIAT;FIAT ARGO;"6790100009572370	";Tag;FIAT ARGO;;2 eixos rodagem simples;2 eixos rodagem simples;Ecovias Rio Minas;BR-116, KM 207+100, Seropédica - RJ;-15,58;0,00;-15,58;;Não
261101ff-c9bb-4897-8598-774b7f8a78eb;04/11/2025;18:23:57;04/11/2025 19:13:21;Pedágio;;;KQW4792;Passeio;FIAT;PALIO;"6790200000365350	";Tag;PALIO;;2 eixos rodagem simples;2 eixos rodagem simples;ViaLagos;RJ-124, KM 021+500, Rio Bonito - RJ;-18,40;0,00;-18,40;;Não
c6736f4c-c87e-4794-919a-433df213f7d3;04/11/2025;19:14:06;04/11/2025 19:15:32;Pedágio;;;KQW4792;Passeio;FIAT;PALIO;"6790200000365350	";Tag;PALIO;;2 eixos rodagem simples;2 eixos rodagem simples;Autopista Fluminense;BR-101, KM 299+000, São Gonçalo - RJ;-7,50;0,00;-7,50;;Não
13637784-c27b-4318-823a-170da7bc1f7b;05/11/2025;08:26:53;05/11/2025 08:27:05;Pedágio;;;TOJ0A40;Passeio;FIAT;FIAT ARGO;"6790100009572370	";Tag;FIAT ARGO;;2 eixos rodagem simples;2 eixos rodagem simples;Ecovias Ponte;Ponte Presidente Costa e Silva, KM 322+000, Niterói - RJ;-6,20;0,00;-6,20;;Não
c15670ba-5807-450f-b92c-e19545d2fcc8;05/11/2025;08:31:50;05/11/2025 09:26:13;Pedágio;;;LLV7582;Passeio;FIAT;STRADA;"6790100005920235	";Tag;STRADA;;2 eixos rodagem simples;2 eixos rodagem simples;ViaRio;Corredor Presidente Tancredo Neves, KM 004+500, Rio de Janeiro - RJ;-8,95;0,00;-8,95;;Não
54d135da-d6fa-4808-b240-71473e271b04;05/11/2025;10:30:05;05/11/2025 10:30:33;Pedágio;;;PVP5398;Passeio;CHEVROLET;CHEVROLET MONTANA LS;"6790100000137058	";Tag;CHEVROLET MONTANA LS;;2 eixos rodagem simples;2 eixos rodagem simples;Elovias;BR-040, KM 102+000, Duque de Caxias - RJ;-19,95;0,00;-19,95;;Não
4a5fb17f-61d9-4e14-93ac-3b354b33b9c8;05/11/2025;09:47:01;05/11/2025 10:36:34;Pedágio;;;LLV7582;Passeio;FIAT;STRADA;"6790100005920235	";Tag;STRADA;;2 eixos rodagem simples;2 eixos rodagem simples;ViaRio;Corredor Presidente Tancredo Neves, KM 004+500, Rio de Janeiro - RJ;-8,95;0,00;-8,95;;Não
921dca7c-c880-49fe-897e-06eade5af543;05/11/2025;11:25:46;05/11/2025 11:25:58;Pedágio;;;TOJ0A40;Passeio;FIAT;FIAT ARGO;"6790100009572370	";Tag;FIAT ARGO;;2 eixos rodagem simples;2 eixos rodagem simples;Ecovias Ponte;Ponte Presidente Costa e Silva, KM 322+000, Niterói - RJ;-6,20;0,00;-6,20;;Não
ac93fbbf-e749-4b38-90f2-ff86a6f35097;05/11/2025;11:56:30;05/11/2025 11:56:49;Pedágio;;;TOJ0A44;Passeio;FIAT;FIAT ARGO;"6790100009571836	";Tag;FIAT ARGO;;2 eixos rodagem simples;2 eixos rodagem simples;Ecovias Rio Minas;BR-116, KM 118+200, Magé - RJ;-18,34;0,00;-18,34;;Não
7eadf519-d3e0-4ad0-b888-8f21706bea19;05/11/2025;12:42:49;05/11/2025 13:36:15;Pedágio;;;TOJ0A40;Passeio;FIAT;FIAT ARGO;"6790100009572370	";Tag;FIAT ARGO;;2 eixos rodagem simples;2 eixos rodagem simples;ViaLagos;RJ-124, KM 021+500, Rio Bonito - RJ;-18,40;0,00;-18,40;;Não
70c179e2-0e3d-408e-bb20-2acde84dcf49;05/11/2025;19:06:52;05/11/2025 19:07:26;Pedágio;;;TOJ0A44;Passeio;FIAT;FIAT ARGO;"6790100009571836	";Tag;FIAT ARGO;;2 eixos rodagem simples;2 eixos rodagem simples;Ecovias Rio Minas;BR-116, KM 118+200, Magé - RJ;-18,34;0,00;-18,34;;Não
ee1d2843-ffad-47ea-9629-4d95ca9a87d4;06/11/2025;06:40:35;06/11/2025 06:40:57;Pedágio;;;RMR6D75;Passeio;MITSUBISHI;TRITON SPO GL;"6790100000196989	";Tag;L200;;2 eixos rodagem simples;2 eixos rodagem simples;Ecovias Capixaba;BR-101, KM 241+700, Serra - ES;-3,99;0,00;-3,99;;Não
914152fd-8e52-4cbd-8c00-10e859bc8bb9;06/11/2025;15:43:53;06/11/2025 15:43:57;Pedágio;;;RMR6D75;Passeio;MITSUBISHI;TRITON SPO GL;"6790100000196989	";Tag;L200;;2 eixos rodagem simples;2 eixos rodagem simples;Ecovias Capixaba;BR-101, KM 241+700, Serra - ES;-3,99;0,00;-3,99;;Não
11e75a4d-c9f9-4c91-8783-c16edcb88309;06/11/2025;15:53:42;06/11/2025 15:53:51;Pedágio;;;KQW4792;Passeio;FIAT;PALIO;"6790200000365350	";Tag;PALIO;;2 eixos rodagem simples;2 eixos rodagem simples;Ecovias Ponte;Ponte Presidente Costa e Silva, KM 322+000, Niterói - RJ;-6,20;0,00;-6,20;;Não
8727216b-24b6-4960-ae98-2da49e42b2aa;06/11/2025;16:13:29;06/11/2025 16:56:00;Pedágio;;;TOJ0A40;Passeio;FIAT;FIAT ARGO;"6790100009572370	";Tag;FIAT ARGO;;2 eixos rodagem simples;2 eixos rodagem simples;ViaLagos;RJ-124, KM 021+500, Rio Bonito - RJ;-18,40;0,00;-18,40;;Não
7ee996db-831e-4e41-b0ca-41993a07a128;07/11/2025;06:45:50;07/11/2025 06:46:15;Pedágio;;;NAX6H44;Passeio;RENAULT;KWID;"6790100005918650	";Tag;KWID;;2 eixos rodagem simples;2 eixos rodagem simples;Ecovias Rio Minas;BR-116, KM 207+100, Seropédica - RJ;-14,57;0,00;-14,57;;Não
a3a838f1-84a3-42f6-8a15-6d1a9b489983;07/11/2025;06:58:14;07/11/2025 07:28:00;Pedágio;;;QXL0J20;Passeio;RENAULT;KWID;"6790100003644134	";Tag;KWID;;2 eixos rodagem simples;2 eixos rodagem simples;RioSP;Rodovia Rio Santos, KM 419+900, Itaguaí - RJ;-4,56;0,00;-4,56;;Não
941f9593-f844-4c1c-8b86-1621836b738b;07/11/2025;07:51:17;07/11/2025 08:02:43;Pedágio;;;RTG4I96;Passeio;FIAT;STRADA FREEDOM;"6790100005918593	";Tag;STRADA FREEDOM;;2 eixos rodagem simples;2 eixos rodagem simples;RioSP;Rodovia Rio Santos, KM 419+900, Itaguaí - RJ;-4,56;0,00;-4,56;;Não
dd9b91cb-9d87-4565-b74b-6f7c21e574c5;07/11/2025;09:03:27;07/11/2025 09:03:49;Pedágio;;;TOJ0A40;Passeio;FIAT;FIAT ARGO;"6790100009572370	";Tag;FIAT ARGO;;2 eixos rodagem simples;2 eixos rodagem simples;Ecovias Ponte;Ponte Presidente Costa e Silva, KM 322+000, Niterói - RJ;-6,20;0,00;-6,20;;Não
bdac7296-bdc4-4c55-b109-05850b0f9782;07/11/2025;08:36:56;07/11/2025 09:05:08;Pedágio;;;NAX6H44;Passeio;RENAULT;KWID;"6790100005918650	";Tag;KWID;;2 eixos rodagem simples;2 eixos rodagem simples;RioSP;Rodovia Presidente Dutra, KM 318+900, Itatiaia - RJ;-13,78;0,00;-13,78;;Não
c55fb223-6f55-4f5e-bfbd-bc4e6e7c7954;07/11/2025;09:23:23;07/11/2025 09:23:39;Pedágio;;;KQW4792;Passeio;FIAT;PALIO;"6790200000365350	";Tag;PALIO;;2 eixos rodagem simples;2 eixos rodagem simples;LAMSA;Avenida Governador Carlos Lacerda, KM 004+000, Rio de Janeiro - RJ;-3,80;0,00;-3,80;;Não
a8723d4e-8c9b-4e75-8ebf-fc055bc83d9d;07/11/2025;09:35:51;07/11/2025 09:36:05;Pedágio;;;TOJ0A44;Passeio;FIAT;FIAT ARGO;"6790100009571836	";Tag;FIAT ARGO;;2 eixos rodagem simples;2 eixos rodagem simples;Ecovias Rio Minas;BR-116, KM 207+100, Seropédica - RJ;-15,58;0,00;-15,58;;Não
ba37126a-413c-4173-ba69-5ece32253825;07/11/2025;09:57:57;07/11/2025 09:58:55;Pedágio;;;TOJ0A40;Passeio;FIAT;FIAT ARGO;"6790100009572370	";Tag;FIAT ARGO;;2 eixos rodagem simples;2 eixos rodagem simples;Autopista Fluminense;BR-101, KM 252+000, Rio Bonito - RJ;-7,50;0,00;-7,50;;Não
8593b11b-9d01-4f93-9838-fd4ceeae2f5a;07/11/2025;09:37:52;07/11/2025 10:07:48;Pedágio;;;NAX6H44;Passeio;RENAULT;KWID;"6790100005918650	";Tag;KWID;;2 eixos rodagem simples;2 eixos rodagem simples;RioSP;Rodovia Presidente Dutra, KM 086+950, Pindamonhangaba - SP;-16,06;0,00;-16,06;;Não
defa2b09-769d-4f68-ae3d-1f32bcff4fa4;07/11/2025;10:07:23;07/11/2025 10:07:53;Pedágio;;;NAX6H44;Passeio;RENAULT;KWID;"6790100005918650	";Tag;KWID;;2 eixos rodagem simples;2 eixos rodagem simples;Ecovias Leste Paulista;Rodovia Governador Carvalho Pinto, KM 114+000, Caçapava - SP;-5,50;0,00;-5,50;;Não
f8b123d8-bf60-4f0a-8870-3a3bcea21786;07/11/2025;09:59:20;07/11/2025 10:08:23;Pedágio;;;RTG4I96;Passeio;FIAT;STRADA FREEDOM;"6790100005918593	";Tag;STRADA FREEDOM;;2 eixos rodagem simples;2 eixos rodagem simples;RioSP;Rodovia Rio Santos, KM 419+900, Itaguaí - RJ;-4,56;0,00;-4,56;;Não
c417fdb5-a704-45f0-942b-f0e685f06d42;07/11/2025;10:18:13;07/11/2025 10:18:44;Pedágio;;;NAX6H44;Passeio;RENAULT;KWID;"6790100005918650	";Tag;KWID;;2 eixos rodagem simples;2 eixos rodagem simples;Ecovias Leste Paulista;Rodovia Governador Carvalho Pinto, KM 092+500, São José dos Campos - SP;-5,40;0,00;-5,40;;Não
bddb0de3-4eff-4f8a-b88d-bdae675fca14;07/11/2025;10:35:48;07/11/2025 10:36:19;Pedágio;;;NAX6H44;Passeio;RENAULT;KWID;"6790100005918650	";Tag;KWID;;2 eixos rodagem simples;2 eixos rodagem simples;Ecovias Leste Paulista;Rodovia Ayrton Senna da Silva, KM 057+800, Guararema - SP;-5,40;0,00;-5,40;;Não
833df306-fad1-4aec-a101-0ab08703df87;07/11/2025;10:39:25;07/11/2025 10:39:57;Pedágio;;;TOJ0A40;Passeio;FIAT;FIAT ARGO;"6790100009572370	";Tag;FIAT ARGO;;2 eixos rodagem simples;2 eixos rodagem simples;Autopista Fluminense;BR-101, KM 192+000, Casimiro de Abreu - RJ;-7,50;0,00;-7,50;;Não
be2c4209-05b6-4fea-99f8-a6e80231ccd3;07/11/2025;11:12:02;07/11/2025 11:14:23;Pedágio;;;NAX6H44;Passeio;RENAULT;KWID;"6790100005918650	";Tag;KWID;;2 eixos rodagem simples;2 eixos rodagem simples;SPMar;Rodoanel Mário Covas, KM 088+000, Ribeirão Pires - SP;-4,10;0,00;-4,10;;Não
4b111b98-a8b8-40e1-a0e7-573b6a024817;07/11/2025;11:55:33;07/11/2025 12:36:16;Pedágio;;;TOJ0A45;Passeio;FIAT;FIAT ARGO;"6790100009571695	";Tag;FIAT ARGO;;2 eixos rodagem simples;2 eixos rodagem simples;CRP Concessionária;BR-393, KM 003+300, Pirapetinga - MG;-11,00;0,00;-11,00;;Não
4d0638b5-4363-449a-9d40-07e6964feb7e;07/11/2025;13:24:46;07/11/2025 13:34:14;Pedágio;;;RTG4I96;Passeio;FIAT;STRADA FREEDOM;"6790100005918593	";Tag;STRADA FREEDOM;;2 eixos rodagem simples;2 eixos rodagem simples;RioSP;Rodovia Rio Santos, KM 419+900, Itaguaí - RJ;-4,10;0,00;-4,10;;Não
0f9b88a4-7724-441d-94ee-5d8ba2b60cd0;07/11/2025;16:01:59;07/11/2025 16:02:27;Pedágio;;;TOJ0A44;Passeio;FIAT;FIAT ARGO;"6790100009571836	";Tag;FIAT ARGO;;2 eixos rodagem simples;2 eixos rodagem simples;Ecovias Rio Minas;BR-116, KM 207+100, Seropédica - RJ;-15,58;0,00;-15,58;;Não
b669ec80-8e6f-44aa-af7f-a89f4ecf29fb;07/11/2025;15:43:10;07/11/2025 16:39:50;Pedágio;;;KQW4792;Passeio;FIAT;PALIO;"6790200000365350	";Tag;PALIO;;2 eixos rodagem simples;2 eixos rodagem simples;ViaRio;Corredor Presidente Tancredo Neves, KM 004+500, Rio de Janeiro - RJ;-8,95;0,00;-8,95;;Não
a6322d11-1874-4fcb-9bfc-3276099dab71;07/11/2025;16:58:16;07/11/2025 16:58:46;Pedágio;;;TOJ0A45;Passeio;FIAT;FIAT ARGO;"6790100009571695	";Tag;FIAT ARGO;;2 eixos rodagem simples;2 eixos rodagem simples;Ecovias Rio Minas;BR-116, KM 118+200, Magé - RJ;-18,34;0,00;-18,34;;Não
d42742d2-6812-458a-9f61-d470655c3dff;07/11/2025;16:51:51;07/11/2025 18:06:03;Pedágio;;;TOJ0A40;Passeio;FIAT;FIAT ARGO;"6790100009572370	";Tag;FIAT ARGO;;2 eixos rodagem simples;2 eixos rodagem simples;ViaLagos;RJ-124, KM 021+500, Rio Bonito - RJ;-30,60;0,00;-30,60;;Não
f0c69ae4-b28e-45a9-9486-4e7923e0e8ab;07/11/2025;17:38:38;08/11/2025 03:12:12;Pedágio;;;TOJ0A40;Passeio;FIAT;FIAT ARGO;"6790100009572370	";Tag;FIAT ARGO;;2 eixos rodagem simples;2 eixos rodagem simples;Autopista Fluminense;BR-101, KM 299+000, São Gonçalo - RJ;-7,50;0,00;-7,50;;Não
87b68374-dc2b-4159-a146-a603270ed9ac;08/11/2025;09:47:20;08/11/2025 09:47:31;Pedágio;;;RMS4F05;Passeio;TOYOTA;/TOYOTA HILUX CDLOWM;"6790100000196997	";Tag;HILUX;;2 eixos rodagem simples;2 eixos rodagem simples;Ecovias Capixaba;BR-101, KM 241+700, Serra - ES;-3,99;0,00;-3,99;;Não
c78c6f1f-c193-466c-8e12-d17767b2cdd4;08/11/2025;10:14:04;08/11/2025 10:14:19;Pedágio;;;KZP9I09;Passeio;CHEVROLET;s10;"6790100001694933	";Tag;s10;;2 eixos rodagem simples;2 eixos rodagem simples;Ecovias Capixaba;BR-101, KM 241+700, Serra - ES;-3,99;0,00;-3,99;;Não
1aee50d0-d17d-4768-aa2e-c1c39849ddea;08/11/2025;07:58:47;08/11/2025 13:02:45;Pedágio;;;KQW4792;Passeio;FIAT;PALIO;"6790200000365350	";Tag;PALIO;;2 eixos rodagem simples;2 eixos rodagem simples;Ecovias Rio Minas;BR-116, KM 207+100, Seropédica - RJ;-15,58;0,00;-15,58;;Não
cbbfa977-5b17-40d5-8327-265e69398d89;08/11/2025;07:58:44;08/11/2025 13:02:46;Pedágio;;;LLV7582;Passeio;FIAT;STRADA;"6790100005920235	";Tag;STRADA;;2 eixos rodagem simples;2 eixos rodagem simples;Ecovias Rio Minas;BR-116, KM 207+100, Seropédica - RJ;-15,58;0,00;-15,58;;Não
79e6ccb8-dd20-4416-89c6-cc8ed4889d5a;08/11/2025;18:44:27;08/11/2025 18:45:21;Pedágio;;;LLV7582;Passeio;FIAT;STRADA;"6790100005920235	";Tag;STRADA;;2 eixos rodagem simples;2 eixos rodagem simples;Ecovias Rio Minas;BR-116, KM 207+100, Seropédica - RJ;-15,58;0,00;-15,58;;Não
50e6bbfe-f79f-486d-90cd-80f870e7291c;06/11/2025;17:15:25;09/11/2025 08:22:03;Pedágio;;;TOJ0A40;Passeio;FIAT;FIAT ARGO;"6790100009572370	";Tag;FIAT ARGO;;2 eixos rodagem simples;2 eixos rodagem simples;Autopista Fluminense;BR-101, KM 299+000, São Gonçalo - RJ;-7,50;0,00;-7,50;;Não
c0c61de4-1477-460b-b547-bbadf7c2939a;09/11/2025;10:42:17;09/11/2025 10:42:42;Pedágio;;;KQW4792;Passeio;FIAT;PALIO;"6790200000365350	";Tag;PALIO;;2 eixos rodagem simples;2 eixos rodagem simples;Ecovias Rio Minas;BR-116, KM 207+100, Seropédica - RJ;-15,58;0,00;-15,58;;Não
dd827181-1a8e-409b-9191-5c7a1ec5ffcc;10/11/2025;07:17:59;10/11/2025 07:18:11;Pedágio;;;TOJ0A40;Passeio;FIAT;FIAT ARGO;"6790100009572370	";Tag;FIAT ARGO;;2 eixos rodagem simples;2 eixos rodagem simples;Ecovias Ponte;Ponte Presidente Costa e Silva, KM 322+000, Niterói - RJ;-6,20;0,00;-6,20;;Não
e6669db6-0cfe-4874-abf2-5d6cb1647810;10/11/2025;08:18:33;10/11/2025 08:19:04;Pedágio;;;TOJ0A40;Passeio;FIAT;FIAT ARGO;"6790100009572370	";Tag;FIAT ARGO;;2 eixos rodagem simples;2 eixos rodagem simples;Autopista Fluminense;BR-101, KM 252+000, Rio Bonito - RJ;-7,50;0,00;-7,50;;Não
a9f02cd7-b4e5-4f47-810d-d82ac226bd4a;10/11/2025;09:05:47;10/11/2025 09:06:24;Pedágio;;;TOJ0A40;Passeio;FIAT;FIAT ARGO;"6790100009572370	";Tag;FIAT ARGO;;2 eixos rodagem simples;2 eixos rodagem simples;Autopista Fluminense;BR-101, KM 192+000, Casimiro de Abreu - RJ;-7,50;0,00;-7,50;;Não
42ede5fb-b396-4b31-b301-73c8c18b51b0;10/11/2025;09:00:15;10/11/2025 09:28:30;Pedágio;;;KQW4792;Passeio;FIAT;PALIO;"6790200000365350	";Tag;PALIO;;2 eixos rodagem simples;2 eixos rodagem simples;ViaRio;Corredor Presidente Tancredo Neves, KM 004+500, Rio de Janeiro - RJ;-8,95;0,00;-8,95;;Não
e8b37822-96f1-4038-9d24-0a9eae23d5ee;07/11/2025;16:38:26;10/11/2025 09:57:32;Pedágio;;;RTG4I96;Passeio;FIAT;STRADA FREEDOM;"6790100005918593	";Tag;STRADA FREEDOM;;2 eixos rodagem simples;2 eixos rodagem simples;RioSP;Rodovia Rio Santos, KM 419+900, Itaguaí - RJ;-4,10;0,00;-4,10;;Não
b77beaa8-f7b5-4d77-acb9-2af3b81a4227;07/11/2025;16:39:57;10/11/2025 09:57:38;Pedágio;;;QXL0J20;Passeio;RENAULT;KWID;"6790100003644134	";Tag;KWID;;2 eixos rodagem simples;2 eixos rodagem simples;RioSP;Rodovia Rio Santos, KM 419+900, Itaguaí - RJ;-4,56;0,00;-4,56;;Não
ed6da741-da94-41c3-8200-a3caff885668;10/11/2025;12:10:49;10/11/2025 12:11:54;Pedágio;;;TOJ0A40;Passeio;FIAT;FIAT ARGO;"6790100009572370	";Tag;FIAT ARGO;;2 eixos rodagem simples;2 eixos rodagem simples;Autopista Fluminense;BR-101, KM 192+000, Casimiro de Abreu - RJ;-7,50;0,00;-7,50;;Não
91b198ef-6546-4d5a-831a-11b428b245d1;10/11/2025;12:28:18;10/11/2025 12:28:27;Pedágio;;;KZP9I09;Passeio;CHEVROLET;s10;"6790100001694933	";Tag;s10;;2 eixos rodagem simples;2 eixos rodagem simples;Ecovias Capixaba;BR-101, KM 241+700, Serra - ES;-3,99;0,00;-3,99;;Não
9963eed6-4b7c-4d8b-a5fc-c0030acc2a92;10/11/2025;12:49:25;10/11/2025 12:49:44;Pedágio;;;RMS4F05;Passeio;TOYOTA;/TOYOTA HILUX CDLOWM;"6790100000196997	";Tag;HILUX;;2 eixos rodagem simples;2 eixos rodagem simples;Ecovias Capixaba;BR-101, KM 241+700, Serra - ES;-3,86;0,00;-3,86;;Não
512c7926-2cd6-40d2-a439-8959cbf28e3b;10/11/2025;12:51:39;10/11/2025 12:52:48;Pedágio;;;TOJ0A40;Passeio;FIAT;FIAT ARGO;"6790100009572370	";Tag;FIAT ARGO;;2 eixos rodagem simples;2 eixos rodagem simples;Autopista Fluminense;BR-101, KM 252+000, Rio Bonito - RJ;-7,50;0,00;-7,50;;Não
2d77ba67-bcbe-44a0-be0a-dbc12b77719f;10/11/2025;14:16:08;10/11/2025 14:16:52;Pedágio;;;TOJ0A40;Passeio;FIAT;FIAT ARGO;"6790100009572370	";Tag;FIAT ARGO;;2 eixos rodagem simples;2 eixos rodagem simples;Autopista Fluminense;BR-101, KM 299+000, São Gonçalo - RJ;-7,50;0,00;-7,50;;Não
46d40840-55f0-4e09-a65d-477901354c9e;10/11/2025;14:58:24;10/11/2025 14:58:33;Pedágio;;;TOJ0A44;Passeio;FIAT;FIAT ARGO;"6790100009571836	";Tag;FIAT ARGO;;2 eixos rodagem simples;2 eixos rodagem simples;Ecovias Ponte;Ponte Presidente Costa e Silva, KM 322+000, Niterói - RJ;-6,20;0,00;-6,20;;Não
dd71f4a9-c419-4dc5-91ea-8a8df0347d12;10/11/2025;15:37:48;10/11/2025 15:38:01;Pedágio;;;TOJ0A44;Passeio;FIAT;FIAT ARGO;"6790100009571836	";Tag;FIAT ARGO;;2 eixos rodagem simples;2 eixos rodagem simples;LAMSA;Avenida Governador Carlos Lacerda, KM 004+000, Rio de Janeiro - RJ;-3,80;0,00;-3,80;;Não
6018967a-0c22-46d0-8496-f9819c83f589;10/11/2025;18:24:38;10/11/2025 18:24:50;Pedágio;;;NAX6H44;Passeio;RENAULT;KWID;"6790100005918650	";Tag;KWID;;2 eixos rodagem simples;2 eixos rodagem simples;SPMar;Rodoanel Mario Covas, KM 124+740, Itaquaquecetuba - SP;-4,10;0,00;-4,10;;Não
d534a788-4e95-46b5-88ac-5cda8c0aa767;10/11/2025;18:08:15;10/11/2025 18:57:19;Pedágio;;;TOJ0A44;Passeio;FIAT;FIAT ARGO;"6790100009571836	";Tag;FIAT ARGO;;2 eixos rodagem simples;2 eixos rodagem simples;ViaRio;Corredor Presidente Tancredo Neves, KM 004+500, Rio de Janeiro - RJ;-8,95;0,00;-8,95;;Não
8ed8bc42-3e79-4839-a173-11efd0561c70;10/11/2025;18:58:16;10/11/2025 18:58:25;Pedágio;;;NAX6H44;Passeio;RENAULT;KWID;"6790100005918650	";Tag;KWID;;2 eixos rodagem simples;2 eixos rodagem simples;Ecovias Leste Paulista;Rodovia Governador Carvalho Pinto, KM 092+500, São José dos Campos - SP;-5,40;0,00;-5,40;;Não
7593d473-d3b6-4353-86ab-51f7b4a8742f;10/11/2025;19:02:42;10/11/2025 19:02:52;Pedágio;;;PVP5398;Passeio;CHEVROLET;CHEVROLET MONTANA LS;"6790100000137058	";Tag;CHEVROLET MONTANA LS;;2 eixos rodagem simples;2 eixos rodagem simples;Ecovias Ponte;Ponte Presidente Costa e Silva, KM 322+000, Niterói - RJ;-6,20;0,00;-6,20;;Não
e57fc225-a4b6-48c2-abc2-00ce2d4c2c1c;10/11/2025;19:10:34;10/11/2025 19:10:48;Pedágio;;;NAX6H44;Passeio;RENAULT;KWID;"6790100005918650	";Tag;KWID;;2 eixos rodagem simples;2 eixos rodagem simples;Ecovias Leste Paulista;Rodovia Governador Carvalho Pinto, KM 114+000, Caçapava - SP;-5,50;0,00;-5,50;;Não
ea7ea11d-c177-4e02-b17a-bdfe917d9d0b;10/11/2025;18:37:13;10/11/2025 19:32:30;Pedágio;;;NAX6H44;Passeio;RENAULT;KWID;"6790100005918650	";Tag;KWID;;2 eixos rodagem simples;2 eixos rodagem simples;Ecovias Leste Paulista;Rodovia Ayrton Senna da Silva, KM 057+800, Guararema - SP;-5,40;0,00;-5,40;;Não
45d4da59-94c4-4062-bb1c-928842159a11;10/11/2025;19:40:27;10/11/2025 20:11:13;Pedágio;;;NAX6H44;Passeio;RENAULT;KWID;"6790100005918650	";Tag;KWID;;2 eixos rodagem simples;2 eixos rodagem simples;RioSP;Rodovia Presidente Dutra, KM 086+950, Pindamonhangaba - SP;-16,06;0,00;-16,06;;Não
aef01d6c-d0cb-47c6-ad31-86f2deb6c74a;10/11/2025;20:51:03;10/11/2025 21:16:10;Pedágio;;;NAX6H44;Passeio;RENAULT;KWID;"6790100005918650	";Tag;KWID;;2 eixos rodagem simples;2 eixos rodagem simples;RioSP;Rodovia Presidente Dutra, KM 318+900, Itatiaia - RJ;-13,78;0,00;-13,78;;Não
71f9ee9e-3751-4202-84a0-6d2025e8b4a6;10/11/2025;22:18:53;10/11/2025 22:19:04;Pedágio;;;NAX6H44;Passeio;RENAULT;KWID;"6790100005918650	";Tag;KWID;;2 eixos rodagem simples;2 eixos rodagem simples;Ecovias Rio Minas;BR-116, KM 208+500, Seropédica - RJ;-15,58;0,00;-15,58;;Não
f866a351-1eb8-4d66-b0f9-53ba95e90b00;10/11/2025;10:55:11;11/11/2025 05:27:58;Pedágio;;;TOJ0A44;Passeio;FIAT;FIAT ARGO;"6790100009571836	";Tag;FIAT ARGO;;2 eixos rodagem simples;2 eixos rodagem simples;Ecovias Ponte;Ponte Presidente Costa e Silva, KM 322+000, Niterói - RJ;-6,20;0,00;-6,20;;Não
7e0ea8c1-2664-4959-a395-3b859bca2529;11/11/2025;08:58:28;11/11/2025 08:58:39;Pedágio;;;TOJ0A40;Passeio;FIAT;FIAT ARGO;"6790100009572370	";Tag;FIAT ARGO;;2 eixos rodagem simples;2 eixos rodagem simples;Ecovias Ponte;Ponte Presidente Costa e Silva, KM 322+000, Niterói - RJ;-6,20;0,00;-6,20;;Não
95b3c3ac-6cbe-47d3-a397-6bcf24be7267;10/11/2025;07:59:00;11/11/2025 09:28:31;Pedágio;;;KQW4792;Passeio;FIAT;PALIO;"6790200000365350	";Tag;PALIO;;2 eixos rodagem simples;2 eixos rodagem simples;ViaRio;Corredor Presidente Tancredo Neves, KM 004+500, Rio de Janeiro - RJ;-8,95;0,00;-8,95;;Não
4e91d126-858e-4e82-9b85-de6c4fa34f56;11/11/2025;09:55:22;11/11/2025 09:56:02;Pedágio;;;TOJ0A40;Passeio;FIAT;FIAT ARGO;"6790100009572370	";Tag;FIAT ARGO;;2 eixos rodagem simples;2 eixos rodagem simples;Autopista Fluminense;BR-101, KM 252+000, Rio Bonito - RJ;-7,50;0,00;-7,50;;Não
7a42e3c2-4b6d-49ed-8f8b-8ffd9e320176;11/11/2025;10:34:53;11/11/2025 10:35:25;Pedágio;;;TOJ0A40;Passeio;FIAT;FIAT ARGO;"6790100009572370	";Tag;FIAT ARGO;;2 eixos rodagem simples;2 eixos rodagem simples;Autopista Fluminense;BR-101, KM 192+000, Casimiro de Abreu - RJ;-7,50;0,00;-7,50;;Não
a11f159a-7451-450f-8de3-73dc51d7de6e;11/11/2025;10:55:24;11/11/2025 10:56:23;Pedágio;;;TOJ0A44;Passeio;FIAT;FIAT ARGO;"6790100009571836	";Tag;FIAT ARGO;;2 eixos rodagem simples;2 eixos rodagem simples;LAMSA;Avenida Governador Carlos Lacerda, KM 004+000, Rio de Janeiro - RJ;-3,80;0,00;-3,80;;Não
7c23e2f7-6482-40b1-8449-b9126f4e2eee;11/11/2025;11:32:25;11/11/2025 12:11:29;Pedágio;;;TOL4D70;Passeio;FIAT;STRADA FREEDOM CD13;"6790100010321288	";Tag;STRADA FREEDOM CD13;;2 eixos rodagem simples;2 eixos rodagem simples;ViaRio;Corredor Presidente Tancredo Neves, KM 004+500, Rio de Janeiro - RJ;-8,95;0,00;-8,95;;Não
23c49492-9a88-4153-abbc-568192aee8e2;11/11/2025;13:25:29;11/11/2025 13:25:53;Pedágio;;;TOJ0A40;Passeio;FIAT;FIAT ARGO;"6790100009572370	";Tag;FIAT ARGO;;2 eixos rodagem simples;2 eixos rodagem simples;Autopista Fluminense;BR-101, KM 123+000, Campos dos Goytacazes - RJ;-7,50;0,00;-7,50;;Não
4a7d43f5-a0a4-46f2-8392-19da4e717495;11/11/2025;14:10:52;11/11/2025 14:11:00;Pedágio;;;TOJ0A44;Passeio;FIAT;FIAT ARGO;"6790100009571836	";Tag;FIAT ARGO;;2 eixos rodagem simples;2 eixos rodagem simples;LAMSA;Avenida Governador Carlos Lacerda, KM 004+000, Rio de Janeiro - RJ;-3,80;0,00;-3,80;;Não
9088b52d-5c65-4f55-8e28-ad0a9e0c172a;11/11/2025;13:29:00;11/11/2025 14:23:02;Pedágio;;;LLV7582;Passeio;FIAT;STRADA;"6790100005920235	";Tag;STRADA;;2 eixos rodagem simples;2 eixos rodagem simples;ViaRio;Corredor Presidente Tancredo Neves, KM 004+500, Rio de Janeiro - RJ;-8,95;0,00;-8,95;;Não
5c262a64-acff-4140-ab1b-4d6d27faa2ac;11/11/2025;15:13:47;11/11/2025 15:14:08;Pedágio;;;TOJ0A44;Passeio;FIAT;FIAT ARGO;"6790100009571836	";Tag;FIAT ARGO;;2 eixos rodagem simples;2 eixos rodagem simples;LAMSA;Avenida Governador Carlos Lacerda, KM 004+000, Rio de Janeiro - RJ;-3,80;0,00;-3,80;;Não
17c476ca-d9eb-4903-aa65-370fe21b7071;11/11/2025;21:35:41;11/11/2025 21:35:51;Pedágio;;;PVP5398;Passeio;CHEVROLET;CHEVROLET MONTANA LS;"6790100000137058	";Tag;CHEVROLET MONTANA LS;;2 eixos rodagem simples;2 eixos rodagem simples;Ecovias Ponte;Ponte Presidente Costa e Silva, KM 322+000, Niterói - RJ;-6,20;0,00;-6,20;;Não
0e286cdb-6291-4705-9dd6-ece51380ead0;12/11/2025;08:52:49;12/11/2025 08:53:07;Pedágio;;;LLV7582;Passeio;FIAT;STRADA;"6790100005920235	";Tag;STRADA;;2 eixos rodagem simples;2 eixos rodagem simples;Ecovias Rio Minas;BR-116, KM 207+100, Seropédica - RJ;-14,57;0,00;-14,57;;Não
9afc6419-6bdd-4c91-b6c3-772f27c5abef;12/11/2025;08:54:01;12/11/2025 08:54:19;Pedágio;;;PUC3186;Passeio;FIAT;UNO VIVACE 1.0;"6790100000821776	";Tag;UNO VIVACE;;2 eixos rodagem simples;2 eixos rodagem simples;Ecovias Rio Minas;BR-116, KM 207+100, Seropédica - RJ;-15,58;0,00;-15,58;;Não
b7cdaa2d-1167-4623-af4d-a2cde2c76a17;12/11/2025;10:38:31;12/11/2025 10:39:39;Pedágio;;;TOJ0A44;Passeio;FIAT;FIAT ARGO;"6790100009571836	";Tag;FIAT ARGO;;2 eixos rodagem simples;2 eixos rodagem simples;Elovias;BR-040, KM 102+000, Duque de Caxias - RJ;-19,95;0,00;-19,95;;Não
20e9b34d-7a69-4ca3-9fcd-6d9be6931724;12/11/2025;13:28:30;12/11/2025 13:29:36;Pedágio;;;TOJ0A40;Passeio;FIAT;FIAT ARGO;"6790100009572370	";Tag;FIAT ARGO;;2 eixos rodagem simples;2 eixos rodagem simples;Autopista Fluminense;BR-101, KM 123+000, Campos dos Goytacazes - RJ;-7,50;0,00;-7,50;;Não
39e6eab2-3814-4945-9836-2e75aeb06de8;12/11/2025;13:39:50;12/11/2025 13:39:45;Pedágio;;;TOJ0A44;Passeio;FIAT;FIAT ARGO;"6790100009571836	";Tag;FIAT ARGO;;2 eixos rodagem simples;2 eixos rodagem simples;Elovias;BR-040, KM 102+000, Duque de Caxias - RJ;-19,95;0,00;-19,95;;Não
f4a50842-5f6a-43cf-8309-40b276f86390;12/11/2025;14:16:54;12/11/2025 14:18:27;Pedágio;;;TOJ0A40;Passeio;FIAT;FIAT ARGO;"6790100009572370	";Tag;FIAT ARGO;;2 eixos rodagem simples;2 eixos rodagem simples;Autopista Fluminense;BR-101, KM 192+000, Casimiro de Abreu - RJ;-7,50;0,00;-7,50;;Não
2ef4d6bb-c210-4824-b5ca-cca342288efe;12/11/2025;15:14:04;12/11/2025 15:14:26;Pedágio;;;TOJ0A40;Passeio;FIAT;FIAT ARGO;"6790100009572370	";Tag;FIAT ARGO;;2 eixos rodagem simples;2 eixos rodagem simples;Autopista Fluminense;BR-101, KM 252+000, Rio Bonito - RJ;-7,50;0,00;-7,50;;Não
0adee310-f0b2-4fbf-a710-a23580887a9d;12/11/2025;15:45:51;12/11/2025 15:47:05;Pedágio;;;TOJ0A40;Passeio;FIAT;FIAT ARGO;"6790100009572370	";Tag;FIAT ARGO;;2 eixos rodagem simples;2 eixos rodagem simples;Autopista Fluminense;BR-101, KM 299+000, São Gonçalo - RJ;-7,50;0,00;-7,50;;Não
70915ef5-f988-4ca8-b45a-1155f1176cbf;12/11/2025;17:41:43;12/11/2025 17:43:45;Pedágio;;;RMS4F05;Passeio;TOYOTA;/TOYOTA HILUX CDLOWM;"6790100000196997	";Tag;HILUX;;2 eixos rodagem simples;2 eixos rodagem simples;Nova 381;BR-381, KM 345+270, João Monlevade - MG;-12,26;0,00;-12,26;;Não
ca840644-63b8-4566-b20d-6570540b29a0;12/11/2025;18:28:16;12/11/2025 18:28:33;Pedágio;;;PUC3186;Passeio;FIAT;UNO VIVACE 1.0;"6790100000821776	";Tag;UNO VIVACE;;2 eixos rodagem simples;2 eixos rodagem simples;Ecovias Rio Minas;BR-116, KM 207+100, Seropédica - RJ;-15,58;0,00;-15,58;;Não
0634704c-94f3-4ffc-9cc1-3faecd534c29;12/11/2025;18:28:28;12/11/2025 18:28:44;Pedágio;;;LLV7582;Passeio;FIAT;STRADA;"6790100005920235	";Tag;STRADA;;2 eixos rodagem simples;2 eixos rodagem simples;Ecovias Rio Minas;BR-116, KM 207+100, Seropédica - RJ;-14,57;0,00;-14,57;;Não
6e98d4be-6b4a-46cc-9bb2-a7ed80c12ee2;12/11/2025;20:43:03;12/11/2025 20:43:19;Pedágio;;;TOL4D72;Passeio;FIAT;STRADA FREEDOM CD13;"6790100009073916	";Tag;STRADA FREEDOM CD13;;2 eixos rodagem simples;2 eixos rodagem simples;Ecovias Ponte;Ponte Presidente Costa e Silva, KM 322+000, Niterói - RJ;-6,20;0,00;-6,20;;Não
e493e112-de8c-433b-8ebc-12c8db7a0353;12/11/2025;19:01:27;12/11/2025 21:39:12;Pedágio;;;RTG4I96;Passeio;FIAT;STRADA FREEDOM;"6790100005918593	";Tag;STRADA FREEDOM;;2 eixos rodagem simples;2 eixos rodagem simples;ViaRio;Corredor Presidente Tancredo Neves, KM 004+500, Rio de Janeiro - RJ;-8,95;0,00;-8,95;;Não
6ff31426-82ad-48fa-a1ce-be238dab7dff;13/11/2025;07:59:18;13/11/2025 08:00:54;Pedágio;;;RMS4F05;Passeio;TOYOTA;/TOYOTA HILUX CDLOWM;"6790100000196997	";Tag;HILUX;;2 eixos rodagem simples;2 eixos rodagem simples;Nova 381;BR-381, KM 345+270, João Monlevade - MG;-12,26;0,00;-12,26;;Não
a4b784df-62fc-4add-a0bb-d2c97fd0d2f7;13/11/2025;08:03:02;13/11/2025 08:03:25;Pedágio;;;LLV7582;Passeio;FIAT;STRADA;"6790100005920235	";Tag;STRADA;;2 eixos rodagem simples;2 eixos rodagem simples;Ecovias Rio Minas;BR-116, KM 207+100, Seropédica - RJ;-13,62;0,00;-13,62;;Não
338c0c2c-c226-4015-bfe2-ab500b8d77c8;13/11/2025;08:02:58;13/11/2025 08:03:26;Pedágio;;;PUC3186;Passeio;FIAT;UNO VIVACE 1.0;"6790100000821776	";Tag;UNO VIVACE;;2 eixos rodagem simples;2 eixos rodagem simples;Ecovias Rio Minas;BR-116, KM 207+100, Seropédica - RJ;-14,57;0,00;-14,57;;Não
269ed2c8-7313-4fa8-99d4-9743fa99525c;13/11/2025;08:30:53;13/11/2025 08:31:15;Pedágio;;;NAX6H44;Passeio;RENAULT;KWID;"6790100005918650	";Tag;KWID;;2 eixos rodagem simples;2 eixos rodagem simples;Ecovias Rio Minas;BR-116, KM 207+100, Seropédica - RJ;-13,62;0,00;-13,62;;Não
7f727952-7e29-48e5-b3fa-9d66dd4b2a1c;13/11/2025;09:50:59;13/11/2025 09:51:03;Pedágio;;;TOJ0A44;Passeio;FIAT;FIAT ARGO;"6790100009571836	";Tag;FIAT ARGO;;2 eixos rodagem simples;2 eixos rodagem simples;Ecovias Ponte;Ponte Presidente Costa e Silva, KM 322+000, Niterói - RJ;-6,20;0,00;-6,20;;Não
7b42983f-5469-41d0-8979-df4d433b887d;13/11/2025;10:33:11;13/11/2025 10:33:35;Pedágio;;;TOL4D72;Passeio;FIAT;STRADA FREEDOM CD13;"6790100009073916	";Tag;STRADA FREEDOM CD13;;2 eixos rodagem simples;2 eixos rodagem simples;Ecovias Rio Minas;BR-116, KM 207+100, Seropédica - RJ;-15,58;0,00;-15,58;;Não
d5151626-5dbc-4b67-8b0e-0d86e7a8363f;13/11/2025;11:07:07;13/11/2025 11:09:22;Pedágio;;;TOJ0A44;Passeio;FIAT;FIAT ARGO;"6790100009571836	";Tag;FIAT ARGO;;2 eixos rodagem simples;2 eixos rodagem simples;Autopista Fluminense;BR-101, KM 252+000, Rio Bonito - RJ;-7,50;0,00;-7,50;;Não
3951f103-5942-4e0b-b7ee-f94f8c6d5263;13/11/2025;11:47:41;13/11/2025 11:48:59;Pedágio;;;TOJ0A44;Passeio;FIAT;FIAT ARGO;"6790100009571836	";Tag;FIAT ARGO;;2 eixos rodagem simples;2 eixos rodagem simples;Autopista Fluminense;BR-101, KM 192+000, Casimiro de Abreu - RJ;-7,50;0,00;-7,50;;Não
14626609-59f4-4be0-b69f-e851e7df9f97;13/11/2025;16:25:22;13/11/2025 16:25:44;Pedágio;;;PUC3186;Passeio;FIAT;UNO VIVACE 1.0;"6790100000821776	";Tag;UNO VIVACE;;2 eixos rodagem simples;2 eixos rodagem simples;Ecovias Rio Minas;BR-116, KM 207+100, Seropédica - RJ;-14,57;0,00;-14,57;;Não
238b89dd-73d7-4695-b51e-6289596a03e9;13/11/2025;16:25:29;13/11/2025 16:25:45;Pedágio;;;LLV7582;Passeio;FIAT;STRADA;"6790100005920235	";Tag;STRADA;;2 eixos rodagem simples;2 eixos rodagem simples;Ecovias Rio Minas;BR-116, KM 207+100, Seropédica - RJ;-13,62;0,00;-13,62;;Não
fab76be9-5c2a-408d-b195-0d67b0a2c41f;13/11/2025;16:42:31;13/11/2025 16:43:08;Pedágio;;;TOJ0A44;Passeio;FIAT;FIAT ARGO;"6790100009571836	";Tag;FIAT ARGO;;2 eixos rodagem simples;2 eixos rodagem simples;Autopista Fluminense;BR-101, KM 192+000, Casimiro de Abreu - RJ;-7,50;0,00;-7,50;;Não
c2a11742-4169-4616-bfe2-95d9c3c1b023;13/11/2025;17:25:08;13/11/2025 17:26:29;Pedágio;;;TOJ0A44;Passeio;FIAT;FIAT ARGO;"6790100009571836	";Tag;FIAT ARGO;;2 eixos rodagem simples;2 eixos rodagem simples;Autopista Fluminense;BR-101, KM 252+000, Rio Bonito - RJ;-7,50;0,00;-7,50;;Não
2e268b5b-ca49-4047-a7a2-1f6d2ade6b9b;13/11/2025;17:44:57;13/11/2025 17:45:21;Pedágio;;;NAX6H44;Passeio;RENAULT;KWID;"6790100005918650	";Tag;KWID;;2 eixos rodagem simples;2 eixos rodagem simples;Ecovias Rio Minas;BR-116, KM 207+100, Seropédica - RJ;-14,57;0,00;-14,57;;Não
b7858e27-9e82-4fbb-b157-2a47f9af077c;13/11/2025;18:02:53;13/11/2025 18:04:16;Pedágio;;;TOJ0A44;Passeio;FIAT;FIAT ARGO;"6790100009571836	";Tag;FIAT ARGO;;2 eixos rodagem simples;2 eixos rodagem simples;Autopista Fluminense;BR-101, KM 299+000, São Gonçalo - RJ;-7,50;0,00;-7,50;;Não
57d379e3-f36c-4de1-82ef-21b5e263a2c6;13/11/2025;18:49:50;13/11/2025 18:49:58;Pedágio;;;PVP5398;Passeio;CHEVROLET;CHEVROLET MONTANA LS;"6790100000137058	";Tag;CHEVROLET MONTANA LS;;2 eixos rodagem simples;2 eixos rodagem simples;Ecovias Ponte;Ponte Presidente Costa e Silva, KM 322+000, Niterói - RJ;-6,20;0,00;-6,20;;Não
5d5b534e-e8ee-4c1a-99ee-7c8bec613b22;13/11/2025;20:12:53;13/11/2025 20:13:02;Pedágio;;;TOL4D70;Passeio;FIAT;STRADA FREEDOM CD13;"6790100010321288	";Tag;STRADA FREEDOM CD13;;2 eixos rodagem simples;2 eixos rodagem simples;Ecovias Ponte;Ponte Presidente Costa e Silva, KM 322+000, Niterói - RJ;-6,20;0,00;-6,20;;Não
adc661ec-346a-42ce-9d0e-770d5abd059c;13/11/2025;13:49:19;14/11/2025 00:02:22;Pedágio;;;TOL4D72;Passeio;FIAT;STRADA FREEDOM CD13;"6790100009073916	";Tag;STRADA FREEDOM CD13;;2 eixos rodagem simples;2 eixos rodagem simples;RioSP;Rodovia Rio Santos, KM 419+900, Itaguaí - RJ;-4,56;0,00;-4,56;;Não
f0ffbb3a-5200-43e5-a719-ed5e5c560aa8;14/11/2025;08:40:39;14/11/2025 08:40:48;Pedágio;;;TOJ0A44;Passeio;FIAT;FIAT ARGO;"6790100009571836	";Tag;FIAT ARGO;;2 eixos rodagem simples;2 eixos rodagem simples;Ecovias Ponte;Ponte Presidente Costa e Silva, KM 322+000, Niterói - RJ;-6,20;0,00;-6,20;;Não
10394ac2-3404-4aab-960d-5f4dfcd717f3;14/11/2025;09:11:46;14/11/2025 09:12:12;Pedágio;;;LLV7582;Passeio;FIAT;STRADA;"6790100005920235	";Tag;STRADA;;2 eixos rodagem simples;2 eixos rodagem simples;Ecovias Rio Minas;BR-116, KM 207+100, Seropédica - RJ;-12,74;0,00;-12,74;;Não
e303efb4-3911-40ca-9f64-20f7fb161828;14/11/2025;09:43:25;14/11/2025 09:43:44;Pedágio;;;TOJ0A45;Passeio;FIAT;FIAT ARGO;"6790100009571695	";Tag;FIAT ARGO;;2 eixos rodagem simples;2 eixos rodagem simples;LAMSA;Avenida Governador Carlos Lacerda, KM 004+000, Rio de Janeiro - RJ;-3,80;0,00;-3,80;;Não
c707cd4c-e057-46ef-a558-728a9e1c316c;14/11/2025;09:48:25;14/11/2025 10:17:47;Pedágio;;;TOJ0A44;Passeio;FIAT;FIAT ARGO;"6790100009571836	";Tag;FIAT ARGO;;2 eixos rodagem simples;2 eixos rodagem simples;ViaLagos;RJ-124, KM 021+500, Rio Bonito - RJ;-18,40;0,00;-18,40;;Não
74df88b6-ba98-4632-89fe-3207be2b56ab;14/11/2025;11:41:13;14/11/2025 11:42:54;Pedágio;;;PVP5398;Passeio;CHEVROLET;CHEVROLET MONTANA LS;"6790100000137058	";Tag;CHEVROLET MONTANA LS;;2 eixos rodagem simples;2 eixos rodagem simples;Autopista Fluminense;BR-101, KM 252+000, Rio Bonito - RJ;-7,50;0,00;-7,50;;Não
0e05aaf5-6e1b-4600-bb0c-c325fecf7093;14/11/2025;12:20:47;14/11/2025 12:21:18;Pedágio;;;TOJ0A40;Passeio;FIAT;FIAT ARGO;"6790100009572370	";Tag;FIAT ARGO;;2 eixos rodagem simples;2 eixos rodagem simples;Ecovias Rio Minas;BR-116, KM 207+100, Seropédica - RJ;-15,58;0,00;-15,58;;Não
bfd48b4f-0fdb-4b2f-b8ae-0af6aab5fc8a;14/11/2025;12:21:36;14/11/2025 12:22:17;Pedágio;;;PVP5398;Passeio;CHEVROLET;CHEVROLET MONTANA LS;"6790100000137058	";Tag;CHEVROLET MONTANA LS;;2 eixos rodagem simples;2 eixos rodagem simples;Autopista Fluminense;BR-101, KM 192+000, Casimiro de Abreu - RJ;-7,50;0,00;-7,50;;Não
12c748b7-dfe9-40d6-8052-b1980c71c674;14/11/2025;13:10:14;14/11/2025 13:11:00;Pedágio;;;PVP5398;Passeio;CHEVROLET;CHEVROLET MONTANA LS;"6790100000137058	";Tag;CHEVROLET MONTANA LS;;2 eixos rodagem simples;2 eixos rodagem simples;Autopista Fluminense;BR-101, KM 123+000, Campos dos Goytacazes - RJ;-7,50;0,00;-7,50;;Não
31091b0e-ef99-46bc-9572-a1d653fc22b3;14/11/2025;13:41:33;14/11/2025 13:41:54;Pedágio;;;TOJ0A45;Passeio;FIAT;FIAT ARGO;"6790100009571695	";Tag;FIAT ARGO;;2 eixos rodagem simples;2 eixos rodagem simples;LAMSA;Avenida Governador Carlos Lacerda, KM 004+000, Rio de Janeiro - RJ;-3,80;0,00;-3,80;;Não
079b140c-0101-4dfd-b65d-d3bbf4c0aecf;14/11/2025;15:15:14;14/11/2025 15:16:27;Pedágio;;;TOJ0A44;Passeio;FIAT;FIAT ARGO;"6790100009571836	";Tag;FIAT ARGO;;2 eixos rodagem simples;2 eixos rodagem simples;Autopista Fluminense;BR-101, KM 299+000, São Gonçalo - RJ;-7,50;0,00;-7,50;;Não
364412b9-a9ce-4703-983a-f1b1405323a3;14/11/2025;15:43:01;14/11/2025 15:43:57;Pedágio;;;PVP5398;Passeio;CHEVROLET;CHEVROLET MONTANA LS;"6790100000137058	";Tag;CHEVROLET MONTANA LS;;2 eixos rodagem simples;2 eixos rodagem simples;Autopista Fluminense;BR-101, KM 040+000, Campos dos Goytacazes - RJ;-7,50;0,00;-7,50;;Não
abba4f8d-3626-4760-a955-63c307697add;14/11/2025;14:33:20;14/11/2025 15:46:41;Pedágio;;;TOJ0A44;Passeio;FIAT;FIAT ARGO;"6790100009571836	";Tag;FIAT ARGO;;2 eixos rodagem simples;2 eixos rodagem simples;ViaLagos;RJ-124, KM 021+500, Rio Bonito - RJ;-30,60;0,00;-30,60;;Não
32bd97de-373f-4fc8-a135-57928e29ff3b;14/11/2025;16:19:46;14/11/2025 16:19:56;Pedágio;;;PVP5398;Passeio;CHEVROLET;CHEVROLET MONTANA LS;"6790100000137058	";Tag;CHEVROLET MONTANA LS;;2 eixos rodagem simples;2 eixos rodagem simples;Ecovias Capixaba;BR-101, KM 452+000, Mimoso do Sul - ES;-1,90;0,00;-1,90;;Não
6a7e3def-b2f7-4880-8e44-3f679d48fdf0;14/11/2025;17:04:26;14/11/2025 17:04:30;Pedágio;;;PVP5398;Passeio;CHEVROLET;CHEVROLET MONTANA LS;"6790100000137058	";Tag;CHEVROLET MONTANA LS;;2 eixos rodagem simples;2 eixos rodagem simples;Ecovias Capixaba;BR-101, KM 398+900, Itapemirim - ES;-3,42;0,00;-3,42;;Não
98a1ecaa-a5cc-4634-8fbe-b6fa87399865;14/11/2025;17:07:16;14/11/2025 17:08:04;Pedágio;;;TOJ0A40;Passeio;FIAT;FIAT ARGO;"6790100009572370	";Tag;FIAT ARGO;;2 eixos rodagem simples;2 eixos rodagem simples;Ecovias Rio Minas;BR-116, KM 207+100, Seropédica - RJ;-14,57;0,00;-14,57;;Não
d89c539f-ab9d-410c-8672-fc9b1e66e9ff;14/11/2025;18:05:33;14/11/2025 18:05:44;Pedágio;;;PVP5398;Passeio;CHEVROLET;CHEVROLET MONTANA LS;"6790100000137058	";Tag;CHEVROLET MONTANA LS;;2 eixos rodagem simples;2 eixos rodagem simples;Ecovias Capixaba;BR-101, KM 320+800, Guarapari - ES;-4,09;0,00;-4,09;;Não
db87f797-31cc-4d72-bf3b-66fb0890163c;14/11/2025;18:54:36;14/11/2025 18:55:08;Pedágio;;;LLV7582;Passeio;FIAT;STRADA;"6790100005920235	";Tag;STRADA;;2 eixos rodagem simples;2 eixos rodagem simples;Ecovias Rio Minas;BR-116, KM 207+100, Seropédica - RJ;-12,74;0,00;-12,74;;Não
7a58883e-110a-4b26-9e53-5e3963368580;14/11/2025;22:12:26;14/11/2025 22:14:43;Pedágio;;;RMS4F05;Passeio;TOYOTA;/TOYOTA HILUX CDLOWM;"6790100000196997	";Tag;HILUX;;2 eixos rodagem simples;2 eixos rodagem simples;Nova 381;BR-381, KM 345+270, João Monlevade - MG;-11,61;0,00;-11,61;;Não
d181b524-8309-4647-a31b-341046cb1273;15/11/2025;08:26:52;15/11/2025 08:28:05;Pedágio;;;LLV7582;Passeio;FIAT;STRADA;"6790100005920235	";Tag;STRADA;;2 eixos rodagem simples;2 eixos rodagem simples;Elovias;BR-040, KM 102+000, Duque de Caxias - RJ;-19,95;0,00;-19,95;;Não
8832f490-158f-44eb-a121-da5aea9c7431;15/11/2025;09:17:33;15/11/2025 09:19:09;Pedágio;;;LLV7582;Passeio;FIAT;STRADA;"6790100005920235	";Tag;STRADA;;2 eixos rodagem simples;2 eixos rodagem simples;Elovias;BR-040, KM 045+500, Petrópolis - RJ;-19,95;0,00;-19,95;;Não
3dd3e3dc-8f76-433b-868f-b05ee75914cd;15/11/2025;11:17:37;15/11/2025 11:17:49;Pedágio;;;KZP9I09;Passeio;CHEVROLET;s10;"6790100001694933	";Tag;s10;;2 eixos rodagem simples;3 eixos rodagem simples;Ecovias Capixaba;BR-101, KM 241+700, Serra - ES;-5,99;0,00;-5,99;;Não
37eb32ca-4ccc-4f85-a8a0-2b0f869a6f74;16/11/2025;13:26:47;16/11/2025 13:28:44;Pedágio;;;RMS4F05;Passeio;TOYOTA;/TOYOTA HILUX CDLOWM;"6790100000196997	";Tag;HILUX;;2 eixos rodagem simples;2 eixos rodagem simples;Nova 381;BR-381, KM 345+270, João Monlevade - MG;-11,61;0,00;-11,61;;Não
da73befe-ed37-4bbe-881b-f2a7bb66ec7e;17/11/2025;09:54:51;17/11/2025 09:55:28;Pedágio;;;TOJ0A45;Passeio;FIAT;FIAT ARGO;"6790100009571695	";Tag;FIAT ARGO;;2 eixos rodagem simples;2 eixos rodagem simples;Elovias;BR-040, KM 102+000, Duque de Caxias - RJ;-19,95;0,00;-19,95;;Não
d9ada9ed-6471-426d-9d52-80dc6bf9cb5e;17/11/2025;10:40:19;17/11/2025 10:41:03;Pedágio;;;TOL4D72;Passeio;FIAT;STRADA FREEDOM CD13;"6790100009073916	";Tag;STRADA FREEDOM CD13;;2 eixos rodagem simples;2 eixos rodagem simples;Ecovias Rio Minas;BR-116, KM 207+100, Seropédica - RJ;-14,57;0,00;-14,57;;Não
3627e285-aa97-4a20-9400-021495e85057;17/11/2025;10:46:37;17/11/2025 10:47:30;Pedágio;;;TOJ0A44;Passeio;FIAT;FIAT ARGO;"6790100009571836	";Tag;FIAT ARGO;;2 eixos rodagem simples;2 eixos rodagem simples;Ecovias Rio Minas;BR-116, KM 118+200, Magé - RJ;-17,04;0,00;-17,04;;Não
bf353472-f890-4b7a-9d95-baf16bde703c;17/11/2025;15:41:26;17/11/2025 15:41:45;Pedágio;;;TOJ0A45;Passeio;FIAT;FIAT ARGO;"6790100009571695	";Tag;FIAT ARGO;;2 eixos rodagem simples;2 eixos rodagem simples;Elovias;BR-040, KM 102+000, Duque de Caxias - RJ;-19,95;0,00;-19,95;;Não
a93488b7-0816-40c6-a46c-90a7cef00c9b;17/11/2025;15:44:40;17/11/2025 15:45:14;Pedágio;;;TOJ0A44;Passeio;FIAT;FIAT ARGO;"6790100009571836	";Tag;FIAT ARGO;;2 eixos rodagem simples;2 eixos rodagem simples;Ecovias Rio Minas;BR-116, KM 118+200, Magé - RJ;-17,04;0,00;-17,04;;Não
5817b63c-83bf-42c0-bdfa-349ad27c9320;17/11/2025;16:20:42;17/11/2025 16:21:07;Pedágio;;;TOL4D72;Passeio;FIAT;STRADA FREEDOM CD13;"6790100009073916	";Tag;STRADA FREEDOM CD13;;2 eixos rodagem simples;2 eixos rodagem simples;Ecovias Rio Minas;BR-116, KM 207+100, Seropédica - RJ;-15,58;0,00;-15,58;;Não
904850f7-8068-48c4-93dd-9c162091330f;17/11/2025;17:04:23;17/11/2025 17:04:35;Pedágio;;;TOL4D70;Passeio;FIAT;STRADA FREEDOM CD13;"6790100010321288	";Tag;STRADA FREEDOM CD13;;2 eixos rodagem simples;2 eixos rodagem simples;Ecovias Ponte;Ponte Presidente Costa e Silva, KM 322+000, Niterói - RJ;-6,20;0,00;-6,20;;Não
feb2a286-5937-4818-b7ff-992e449d342e;18/11/2025;07:25:37;18/11/2025 07:37:13;Pedágio;;;RTG4I96;Passeio;FIAT;STRADA FREEDOM;"6790100005918593	";Tag;STRADA FREEDOM;;2 eixos rodagem simples;2 eixos rodagem simples;RioSP;Rodovia Rio Santos, KM 419+900, Itaguaí - RJ;-3,70;0,00;-3,70;;Não
d786dfed-8c7d-4a7c-8983-5095a0b6d558;18/11/2025;07:37:25;18/11/2025 07:37:40;Pedágio;;;GCK9D18;Passeio;FIAT;PALIO WEEKEND;"6790100008630617	";Tag;FIAT PALIO WEEKEND;;2 eixos rodagem simples;2 eixos rodagem simples;Ecovias Capixaba;BR-101, KM 320+800, Guarapari - ES;-3,96;0,00;-3,96;;Não
cd17e74e-1eaa-4a37-bf22-8a1715d3e385;18/11/2025;08:07:49;18/11/2025 08:08:19;Pedágio;;;NAX6H44;Passeio;RENAULT;KWID;"6790100005918650	";Tag;KWID;;2 eixos rodagem simples;2 eixos rodagem simples;Ecovias Rio Minas;BR-116, KM 207+100, Seropédica - RJ;-12,74;0,00;-12,74;;Não
63f0674c-7712-415a-a81b-08763dda31df;18/11/2025;08:51:42;18/11/2025 08:52:04;Pedágio;;;TOL4D72;Passeio;FIAT;STRADA FREEDOM CD13;"6790100009073916	";Tag;STRADA FREEDOM CD13;;2 eixos rodagem simples;2 eixos rodagem simples;Ecovias Rio Minas;BR-493, KM 112+700, Itaguaí - RJ;-9,98;0,00;-9,98;;Não
fb44e57d-83ee-4d15-b3a4-992a9cb8b4fc;18/11/2025;09:05:12;18/11/2025 09:05:37;Pedágio;;;TOL4D72;Passeio;FIAT;STRADA FREEDOM CD13;"6790100009073916	";Tag;STRADA FREEDOM CD13;;2 eixos rodagem simples;2 eixos rodagem simples;Ecovias Rio Minas;BR-116, KM 207+100, Seropédica - RJ;-13,62;0,00;-13,62;;Não
8df5a875-eac9-4202-a324-e1da745cd22a;18/11/2025;09:27:07;18/11/2025 09:27:22;Pedágio;;;TOJ0A44;Passeio;FIAT;FIAT ARGO;"6790100009571836	";Tag;FIAT ARGO;;2 eixos rodagem simples;2 eixos rodagem simples;Ecovias Ponte;Ponte Presidente Costa e Silva, KM 322+000, Niterói - RJ;-6,20;0,00;-6,20;;Não
033e0361-4d71-4723-a5e9-8fff7930f313;18/11/2025;09:38:31;18/11/2025 09:38:38;Pedágio;;;TOJ0A40;Passeio;FIAT;FIAT ARGO;"6790100009572370	";Tag;FIAT ARGO;;2 eixos rodagem simples;2 eixos rodagem simples;Ecovias Ponte;Ponte Presidente Costa e Silva, KM 322+000, Niterói - RJ;-6,20;0,00;-6,20;;Não
29219399-e65a-48d4-be27-fd15f4414e02;18/11/2025;10:39:28;18/11/2025 10:40:16;Pedágio;;;TOJ0A44;Passeio;FIAT;FIAT ARGO;"6790100009571836	";Tag;FIAT ARGO;;2 eixos rodagem simples;2 eixos rodagem simples;Autopista Fluminense;BR-101, KM 252+000, Rio Bonito - RJ;-7,50;0,00;-7,50;;Não
aa4feb2d-0d81-4476-8a67-05531db87d4e;18/11/2025;10:39:20;18/11/2025 11:15:17;Pedágio;;;TOJ0A40;Passeio;FIAT;FIAT ARGO;"6790100009572370	";Tag;FIAT ARGO;;2 eixos rodagem simples;2 eixos rodagem simples;ViaLagos;RJ-124, KM 021+500, Rio Bonito - RJ;-18,40;0,00;-18,40;;Não
250c24a0-b52f-4f10-bc93-e825dde24394;18/11/2025;11:18:19;18/11/2025 11:18:51;Pedágio;;;TOJ0A44;Passeio;FIAT;FIAT ARGO;"6790100009571836	";Tag;FIAT ARGO;;2 eixos rodagem simples;2 eixos rodagem simples;Autopista Fluminense;BR-101, KM 192+000, Casimiro de Abreu - RJ;-7,50;0,00;-7,50;;Não
19fe1d9e-720e-45e9-94c3-feeea9526f82;18/11/2025;13:43:43;18/11/2025 13:43:57;Pedágio;;;TOL4D72;Passeio;FIAT;STRADA FREEDOM CD13;"6790100009073916	";Tag;STRADA FREEDOM CD13;;2 eixos rodagem simples;2 eixos rodagem simples;Ecovias Rio Minas;BR-116, KM 208+500, Seropédica - RJ;-15,58;0,00;-15,58;;Não
f8e35a16-c858-44bf-9abc-9fc2c69bf427;18/11/2025;13:53:27;18/11/2025 13:53:51;Pedágio;;;TOL4D72;Passeio;FIAT;STRADA FREEDOM CD13;"6790100009073916	";Tag;STRADA FREEDOM CD13;;2 eixos rodagem simples;2 eixos rodagem simples;Ecovias Rio Minas;BR-493, KM 112+700, Itaguaí - RJ;-9,98;0,00;-9,98;;Não
5c1ab41e-3b76-4b79-8521-b7959bd03a7c;18/11/2025;14:25:31;18/11/2025 14:26:19;Pedágio;;;TOJ0A44;Passeio;FIAT;FIAT ARGO;"6790100009571836	";Tag;FIAT ARGO;;2 eixos rodagem simples;2 eixos rodagem simples;Autopista Fluminense;BR-101, KM 123+000, Campos dos Goytacazes - RJ;-7,50;0,00;-7,50;;Não
9747c885-e1e4-4349-9829-89eeb0a41039;18/11/2025;15:23:56;18/11/2025 15:24:18;Pedágio;;;TOJ0A40;Passeio;FIAT;FIAT ARGO;"6790100009572370	";Tag;FIAT ARGO;;2 eixos rodagem simples;2 eixos rodagem simples;Autopista Fluminense;BR-101, KM 299+000, São Gonçalo - RJ;-7,50;0,00;-7,50;;Não
3e5e9345-301f-4ce9-ab21-3dac579d6fe1;18/11/2025;13:51:20;18/11/2025 15:27:02;Pedágio;;;RTG4I96;Passeio;FIAT;STRADA FREEDOM;"6790100005918593	";Tag;STRADA FREEDOM;;2 eixos rodagem simples;2 eixos rodagem simples;RioSP;Rodovia Rio Santos, KM 419+900, Itaguaí - RJ;-3,70;0,00;-3,70;;Não
9a4ea6d8-8374-4b9a-8194-064a2c0d049b;18/11/2025;16:14:04;18/11/2025 16:14:13;Pedágio;;;KQW4792;Passeio;FIAT;PALIO;"6790200000365350	";Tag;PALIO;;2 eixos rodagem simples;2 eixos rodagem simples;Ecovias Rio Minas;BR-493, KM 112+700, Itaguaí - RJ;-9,98;0,00;-9,98;;Não
b8d87324-f7ad-406d-b97b-420288b3c075;18/11/2025;16:55:15;18/11/2025 16:55:42;Pedágio;;;NAX6H44;Passeio;RENAULT;KWID;"6790100005918650	";Tag;KWID;;2 eixos rodagem simples;2 eixos rodagem simples;Ecovias Rio Minas;BR-116, KM 207+100, Seropédica - RJ;-13,62;0,00;-13,62;;Não
0c181591-e4b7-4b22-b73d-b6be8bbe5e30;18/11/2025;14:27:15;18/11/2025 16:59:14;Pedágio;;;TOJ0A40;Passeio;FIAT;FIAT ARGO;"6790100009572370	";Tag;FIAT ARGO;;2 eixos rodagem simples;2 eixos rodagem simples;ViaLagos;RJ-124, KM 021+500, Rio Bonito - RJ;-18,40;0,00;-18,40;;Não
531b0635-a9d6-483a-ad80-dc6ad71c72c7;18/11/2025;17:14:29;18/11/2025 17:14:54;Pedágio;;;GCK9D18;Passeio;FIAT;PALIO WEEKEND;"6790100008630617	";Tag;FIAT PALIO WEEKEND;;2 eixos rodagem simples;2 eixos rodagem simples;Ecovias Capixaba;BR-101, KM 320+800, Guarapari - ES;-3,96;0,00;-3,96;;Não
f78db658-f367-4cc1-b07d-95f770371a93;18/11/2025;17:05:29;18/11/2025 18:17:59;Pedágio;;;LQS5041;Passeio;FIAT;UNO;"6790100000232487	";Tag;UNO;;2 eixos rodagem simples;2 eixos rodagem simples;ViaRio;Corredor Presidente Tancredo Neves, KM 004+500, Rio de Janeiro - RJ;-8,95;0,00;-8,95;;Não
24749d61-d798-44ed-ad0c-30aeca0ff6db;18/11/2025;18:56:05;18/11/2025 18:56:13;Pedágio;;;TOL4D70;Passeio;FIAT;STRADA FREEDOM CD13;"6790100010321288	";Tag;STRADA FREEDOM CD13;;2 eixos rodagem simples;2 eixos rodagem simples;Ecovias Ponte;Ponte Presidente Costa e Silva, KM 322+000, Niterói - RJ;-6,20;0,00;-6,20;;Não
2ebd90d5-d601-4ab3-9caa-4092384d0d25;19/11/2025;06:54:49;19/11/2025 08:18:23;Pedágio;;;RTG4I96;Passeio;FIAT;STRADA FREEDOM;"6790100005918593	";Tag;STRADA FREEDOM;;2 eixos rodagem simples;2 eixos rodagem simples;ViaRio;Corredor Presidente Tancredo Neves, KM 004+500, Rio de Janeiro - RJ;-8,95;0,00;-8,95;;Não
b6a3f15c-b214-4da5-8658-4f0cda0c58b1;19/11/2025;09:38:00;19/11/2025 09:39:09;Pedágio;;;TOJ0A40;Passeio;FIAT;FIAT ARGO;"6790100009572370	";Tag;FIAT ARGO;;2 eixos rodagem simples;2 eixos rodagem simples;Elovias;BR-040, KM 102+000, Duque de Caxias - RJ;-19,95;0,00;-19,95;;Não
1e00981d-661f-43ff-8477-c1014e1734ca;19/11/2025;09:49:58;19/11/2025 09:50:08;Pedágio;;;TOJ0A45;Passeio;FIAT;FIAT ARGO;"6790100009571695	";Tag;FIAT ARGO;;2 eixos rodagem simples;2 eixos rodagem simples;Ecovias Ponte;Ponte Presidente Costa e Silva, KM 322+000, Niterói - RJ;-6,20;0,00;-6,20;;Não
b6d7c27e-908d-4d02-885b-b7cc2c6208f2;19/11/2025;10:29:25;19/11/2025 10:30:06;Pedágio;;;TOJ0A40;Passeio;FIAT;FIAT ARGO;"6790100009572370	";Tag;FIAT ARGO;;2 eixos rodagem simples;2 eixos rodagem simples;Elovias;BR-040, KM 045+500, Petrópolis - RJ;-19,95;0,00;-19,95;;Não
40d7a258-f728-4d7a-8139-a832585cc375;19/11/2025;10:40:32;19/11/2025 10:41:49;Pedágio;;;TOJ0A45;Passeio;FIAT;FIAT ARGO;"6790100009571695	";Tag;FIAT ARGO;;2 eixos rodagem simples;2 eixos rodagem simples;Autopista Fluminense;BR-101, KM 252+000, Rio Bonito - RJ;-7,50;0,00;-7,50;;Não
2606890e-5508-4b3a-b8a7-ae4b4804adb1;19/11/2025;11:16:03;19/11/2025 11:16:17;Pedágio;;;LQS5041;Passeio;FIAT;UNO;"6790100000232487	";Tag;UNO;;2 eixos rodagem simples;2 eixos rodagem simples;LAMSA;Avenida Governador Carlos Lacerda, KM 004+000, Rio de Janeiro - RJ;-3,80;0,00;-3,80;;Não
f0941c74-d5b5-4513-a5c6-c914510555fa;19/11/2025;11:27:19;19/11/2025 11:28:23;Pedágio;;;TOJ0A45;Passeio;FIAT;FIAT ARGO;"6790100009571695	";Tag;FIAT ARGO;;2 eixos rodagem simples;2 eixos rodagem simples;Autopista Fluminense;BR-101, KM 192+000, Casimiro de Abreu - RJ;-7,50;0,00;-7,50;;Não
603ad79d-90fb-4fc6-ab83-6175eab06b8c;18/11/2025;08:17:13;19/11/2025 11:47:59;Pedágio;;;LQS5041;Passeio;FIAT;UNO;"6790100000232487	";Tag;UNO;;2 eixos rodagem simples;2 eixos rodagem simples;ViaRio;Corredor Presidente Tancredo Neves, KM 004+500, Rio de Janeiro - RJ;-8,95;0,00;-8,95;;Não
13b0aced-d7d3-48a7-83e8-75b7a7c6af05;19/11/2025;13:41:42;19/11/2025 13:42:00;Pedágio;;;TOL4D70;Passeio;FIAT;STRADA FREEDOM CD13;"6790100010321288	";Tag;STRADA FREEDOM CD13;;2 eixos rodagem simples;2 eixos rodagem simples;Ecovias Ponte;Ponte Presidente Costa e Silva, KM 322+000, Niterói - RJ;-6,20;0,00;-6,20;;Não
86d3453f-a8bf-474d-b936-389bf640a6ab;19/11/2025;13:50:43;19/11/2025 13:51:19;Pedágio;;;TOJ0A40;Passeio;FIAT;FIAT ARGO;"6790100009572370	";Tag;FIAT ARGO;;2 eixos rodagem simples;2 eixos rodagem simples;Elovias;BR-040, KM 045+500, Petrópolis - RJ;-19,95;0,00;-19,95;;Não
d538fc1f-1f8a-432b-9475-46ef5fafabf9;19/11/2025;14:35:37;19/11/2025 14:36:26;Pedágio;;;TOJ0A40;Passeio;FIAT;FIAT ARGO;"6790100009572370	";Tag;FIAT ARGO;;2 eixos rodagem simples;2 eixos rodagem simples;Elovias;BR-040, KM 102+000, Duque de Caxias - RJ;-19,95;0,00;-19,95;;Não
0a581f09-caaa-412c-a2c4-5e4853d37b24;19/11/2025;15:53:49;19/11/2025 15:55:03;Pedágio;;;TOJ0A44;Passeio;FIAT;FIAT ARGO;"6790100009571836	";Tag;FIAT ARGO;;2 eixos rodagem simples;2 eixos rodagem simples;Autopista Fluminense;BR-101, KM 123+000, Campos dos Goytacazes - RJ;-7,50;0,00;-7,50;;Não
f37a41f2-15e8-4942-9844-fae903ffbf5f;19/11/2025;16:02:31;19/11/2025 16:03:13;Pedágio;;;TOJ0A45;Passeio;FIAT;FIAT ARGO;"6790100009571695	";Tag;FIAT ARGO;;2 eixos rodagem simples;2 eixos rodagem simples;Autopista Fluminense;BR-101, KM 192+000, Casimiro de Abreu - RJ;-7,50;0,00;-7,50;;Não
9fe5edc1-d710-408f-b36c-9b881a9c18ce;19/11/2025;16:31:37;19/11/2025 16:31:54;Pedágio;;;LQS5041;Passeio;FIAT;UNO;"6790100000232487	";Tag;UNO;;2 eixos rodagem simples;2 eixos rodagem simples;LAMSA;Avenida Governador Carlos Lacerda, KM 004+000, Rio de Janeiro - RJ;-3,80;0,00;-3,80;;Não
855304d1-6bac-411f-842a-8a270f9e6fe7;19/11/2025;16:43:27;19/11/2025 16:43:59;Pedágio;;;TOJ0A44;Passeio;FIAT;FIAT ARGO;"6790100009571836	";Tag;FIAT ARGO;;2 eixos rodagem simples;2 eixos rodagem simples;Autopista Fluminense;BR-101, KM 192+000, Casimiro de Abreu - RJ;-7,50;0,00;-7,50;;Não
473bc761-7913-40b6-ade3-0e402ecc46b8;19/11/2025;16:49:41;19/11/2025 16:50:47;Pedágio;;;TOJ0A45;Passeio;FIAT;FIAT ARGO;"6790100009571695	";Tag;FIAT ARGO;;2 eixos rodagem simples;2 eixos rodagem simples;Autopista Fluminense;BR-101, KM 252+000, Rio Bonito - RJ;-7,50;0,00;-7,50;;Não
e7872dd7-371d-47fa-bc65-cc6b01e3eced;19/11/2025;17:28:27;19/11/2025 17:30:06;Pedágio;;;TOJ0A45;Passeio;FIAT;FIAT ARGO;"6790100009571695	";Tag;FIAT ARGO;;2 eixos rodagem simples;2 eixos rodagem simples;Autopista Fluminense;BR-101, KM 299+000, São Gonçalo - RJ;-7,50;0,00;-7,50;;Não
96a53311-7f14-4468-a46f-8413cf56f971;19/11/2025;18:05:10;19/11/2025 18:06:30;Pedágio;;;TOJ0A44;Passeio;FIAT;FIAT ARGO;"6790100009571836	";Tag;FIAT ARGO;;2 eixos rodagem simples;2 eixos rodagem simples;Autopista Fluminense;BR-101, KM 252+000, Rio Bonito - RJ;-7,50;0,00;-7,50;;Não
6bc04ea8-778b-4d87-a1c4-1f66664ae167;19/11/2025;18:40:39;19/11/2025 18:41:53;Pedágio;;;TOJ0A44;Passeio;FIAT;FIAT ARGO;"6790100009571836	";Tag;FIAT ARGO;;2 eixos rodagem simples;2 eixos rodagem simples;Autopista Fluminense;BR-101, KM 299+000, São Gonçalo - RJ;-7,50;0,00;-7,50;;Não
b7c27606-2878-4fd9-b345-4b39134f6105;20/11/2025;10:11:38;21/11/2025 11:29:08;Pedágio;;;RMR6D75;Passeio;MITSUBISHI;TRITON SPO GL;"6790100000196989	";Tag;L200;;2 eixos rodagem simples;2 eixos rodagem simples;Ecovias Capixaba;BR-101, KM 320+800, Guarapari - ES;-4,09;0,00;-4,09;;Não
332caf19-c4ce-446e-aeb9-9fc61e84a445;20/11/2025;11:17:07;21/11/2025 11:59:48;Pedágio;;;RMR6D75;Passeio;MITSUBISHI;TRITON SPO GL;"6790100000196989	";Tag;L200;;2 eixos rodagem simples;2 eixos rodagem simples;Ecovias Capixaba;BR-101, KM 398+900, Itapemirim - ES;-3,42;0,00;-3,42;;Não
b36bfc96-1871-4cdd-af51-3c78c2f40bc3;20/11/2025;12:44:42;21/11/2025 12:38:50;Pedágio;;;RMR6D75;Passeio;MITSUBISHI;TRITON SPO GL;"6790100000196989	";Tag;L200;;2 eixos rodagem simples;2 eixos rodagem simples;Ecovias Capixaba;BR-101, KM 452+000, Mimoso do Sul - ES;-1,90;0,00;-1,90;;Não
488693ae-670c-41a4-bfd6-ee410d82b243;24/11/2025;07:35:18;24/11/2025 07:35:50;Pedágio;;;RTG4I96;Passeio;FIAT;STRADA FREEDOM;"6790100005918593	";Tag;STRADA FREEDOM;;2 eixos rodagem simples;2 eixos rodagem simples;Ecovias Rio Minas;BR-493, KM 112+700, Itaguaí - RJ;-9,98;0,00;-9,98;;Não
61bb8b8c-c8c4-403a-9eb4-977fa52f4cbc;24/11/2025;11:08:15;24/11/2025 11:10:52;Pedágio;;;RMR6D75;Passeio;MITSUBISHI;TRITON SPO GL;"6790100000196989	";Tag;L200;;2 eixos rodagem simples;2 eixos rodagem simples;EPR Via Mineira;BR-040, KM 714+100, Barbacena - MG;-12,07;0,00;-12,07;;Não
b08599c8-4cc3-4209-bbc6-b2b81f0d41c3;24/11/2025;12:11:19;24/11/2025 12:11:28;Pedágio;;;TOJ0A40;Passeio;FIAT;FIAT ARGO;"6790100009572370	";Tag;FIAT ARGO;;2 eixos rodagem simples;2 eixos rodagem simples;Ecovias Ponte;Ponte Presidente Costa e Silva, KM 322+000, Niterói - RJ;-6,20;0,00;-6,20;;Não
dadd7714-74b9-44ec-89e7-d212878d25dd;24/11/2025;12:02:42;24/11/2025 12:25:48;Pedágio;;;QXL0J20;Passeio;RENAULT;KWID;"6790100003644134	";Tag;KWID;;2 eixos rodagem simples;2 eixos rodagem simples;RioSP;Rodovia Rio Santos, KM 419+900, Itaguaí - RJ;-4,10;0,00;-4,10;;Não
799653d3-6e7a-4912-b958-d923ed16c198;24/11/2025;12:48:26;24/11/2025 12:49:41;Pedágio;;;RMR6D75;Passeio;MITSUBISHI;TRITON SPO GL;"6790100000196989	";Tag;L200;;2 eixos rodagem simples;2 eixos rodagem simples;EPR Via Mineira;BR-040, KM 642+850, Conselheiro Lafaiete - MG;-12,07;0,00;-12,07;;Não
9de48c4e-51ad-4b8e-84d5-9d3694fd5c6f;24/11/2025;13:44:47;24/11/2025 13:46:52;Pedágio;;;RMR6D75;Passeio;MITSUBISHI;TRITON SPO GL;"6790100000196989	";Tag;L200;;2 eixos rodagem simples;2 eixos rodagem simples;EPR Via Mineira;BR-040, KM 577+200, Itabirito - MG;-12,07;0,00;-12,07;;Não
aded3ee5-d6b3-483f-a1f7-f26c397cab54;24/11/2025;15:40:03;24/11/2025 15:43:37;Pedágio;;;KZP9I09;Passeio;CHEVROLET;s10;"6790100001694933	";Tag;s10;;2 eixos rodagem simples;2 eixos rodagem simples;Nova 381;BR-381, KM 345+270, João Monlevade - MG;-12,26;0,00;-12,26;;Não
a51f4222-65ac-4083-bb99-ad22c157148a;24/11/2025;16:34:41;24/11/2025 16:38:05;Pedágio;;;KZP9I09;Passeio;CHEVROLET;s10;"6790100001694933	";Tag;s10;;2 eixos rodagem simples;2 eixos rodagem simples;Nova 381;BR-381, KM 411+850, Caeté - MG;-14,73;0,00;-14,73;;Não
930ea5ca-2f7d-451b-8678-2b2359a1d0d7;24/11/2025;16:28:33;24/11/2025 16:49:23;Pedágio;;;QXL0J20;Passeio;RENAULT;KWID;"6790100003644134	";Tag;KWID;;2 eixos rodagem simples;2 eixos rodagem simples;RioSP;Rodovia Rio Santos, KM 419+900, Itaguaí - RJ;-4,10;0,00;-4,10;;Não
fb79d038-8310-4a42-8ce9-dd227cacaed5;24/11/2025;19:31:54;24/11/2025 19:32:07;Pedágio;;;TOL4D70;Passeio;FIAT;STRADA FREEDOM CD13;"6790100010321288	";Tag;STRADA FREEDOM CD13;;2 eixos rodagem simples;2 eixos rodagem simples;Ecovias Ponte;Ponte Presidente Costa e Silva, KM 322+000, Niterói - RJ;-6,20;0,00;-6,20;;Não
e0db006d-8d55-4beb-abfc-e124fe48f94e;25/11/2025;07:32:48;25/11/2025 07:34:59;Pedágio;;;TOJ0A40;Passeio;FIAT;FIAT ARGO;"6790100009572370	";Tag;FIAT ARGO;;2 eixos rodagem simples;2 eixos rodagem simples;Ecovias Rio Minas;BR-116, KM 207+100, Seropédica - RJ;-14,57;0,00;-14,57;;Não
c6df0672-6b85-4088-9155-309b53b47b36;25/11/2025;08:09:11;25/11/2025 08:09:31;Pedágio;;;GCK9D18;Passeio;FIAT;PALIO WEEKEND;"6790100008630617	";Tag;FIAT PALIO WEEKEND;;2 eixos rodagem simples;2 eixos rodagem simples;Ecovias Capixaba;BR-101, KM 320+800, Guarapari - ES;-3,84;0,00;-3,84;;Não
69c7eadd-814a-451a-9afc-92c0231c65f3;25/11/2025;08:37:45;25/11/2025 08:38:28;Pedágio;;;LQS5041;Passeio;FIAT;UNO;"6790100000232487	";Tag;UNO;;2 eixos rodagem simples;2 eixos rodagem simples;Ecovias Rio Minas;BR-116, KM 207+100, Seropédica - RJ;-15,58;0,00;-15,58;;Não
ee4a491c-ca77-4e31-8d49-36abdfa5793f;25/11/2025;10:10:31;25/11/2025 10:13:00;Pedágio;;;RMR6D75;Passeio;MITSUBISHI;TRITON SPO GL;"6790100000196989	";Tag;L200;;2 eixos rodagem simples;2 eixos rodagem simples;Nova 381;BR-381, KM 411+850, Caeté - MG;-14,73;0,00;-14,73;;Não
5bfdbbec-49d0-4b9f-8780-37d0a5dfa775;25/11/2025;10:30:45;25/11/2025 10:31:24;Pedágio;;;TOL4D70;Passeio;FIAT;STRADA FREEDOM CD13;"6790100010321288	";Tag;STRADA FREEDOM CD13;;2 eixos rodagem simples;2 eixos rodagem simples;Ecovias Rio Minas;BR-493, KM 112+700, Itaguaí - RJ;-9,98;0,00;-9,98;;Não
4e3e1225-a3dc-4fd7-9607-1b21fec94833;25/11/2025;11:12:49;25/11/2025 11:14:57;Pedágio;;;RMR6D75;Passeio;MITSUBISHI;TRITON SPO GL;"6790100000196989	";Tag;L200;;2 eixos rodagem simples;2 eixos rodagem simples;Nova 381;BR-381, KM 345+270, João Monlevade - MG;-12,26;0,00;-12,26;;Não
1f4eb59d-6c02-4287-b648-0d242331596e;25/11/2025;12:29:08;25/11/2025 12:29:56;Pedágio;;;TOL4D72;Passeio;FIAT;STRADA FREEDOM CD13;"6790100009073916	";Tag;STRADA FREEDOM CD13;;2 eixos rodagem simples;2 eixos rodagem simples;Ecovias Rio Minas;BR-116, KM 207+100, Seropédica - RJ;-12,74;0,00;-12,74;;Não
b09c7eec-6c5a-4970-b212-253d9d5f3d11;25/11/2025;16:17:25;25/11/2025 16:17:42;Pedágio;;;TOL4D70;Passeio;FIAT;STRADA FREEDOM CD13;"6790100010321288	";Tag;STRADA FREEDOM CD13;;2 eixos rodagem simples;2 eixos rodagem simples;Ecovias Ponte;Ponte Presidente Costa e Silva, KM 322+000, Niterói - RJ;-6,20;0,00;-6,20;;Não
51fbb340-ce62-41da-8ab5-1adc90aee927;25/11/2025;17:56:19;25/11/2025 17:56:31;Pedágio;;;GCK9D18;Passeio;FIAT;PALIO WEEKEND;"6790100008630617	";Tag;FIAT PALIO WEEKEND;;2 eixos rodagem simples;2 eixos rodagem simples;Ecovias Capixaba;BR-101, KM 320+800, Guarapari - ES;-3,84;0,00;-3,84;;Não
f150ad5f-7b84-48b9-b046-5ee8016a412e;25/11/2025;19:34:36;25/11/2025 19:35:39;Pedágio;;;LQS5041;Passeio;FIAT;UNO;"6790100000232487	";Tag;UNO;;2 eixos rodagem simples;2 eixos rodagem simples;Ecovias Rio Minas;BR-116, KM 207+100, Seropédica - RJ;-15,58;0,00;-15,58;;Não
62f79f5f-1e83-4b4d-8516-778ed43097d7;25/11/2025;20:43:49;25/11/2025 21:16:51;Pedágio;;;TOL4D72;Passeio;FIAT;STRADA FREEDOM CD13;"6790100009073916	";Tag;STRADA FREEDOM CD13;;2 eixos rodagem simples;2 eixos rodagem simples;ViaRio;Corredor Presidente Tancredo Neves, KM 004+500, Rio de Janeiro - RJ;-8,95;0,00;-8,95;;Não
8f69d5c5-085b-4ef4-a933-1ecd3351df7d;25/11/2025;19:28:12;26/11/2025 02:57:35;Pedágio;;;TOL4D72;Passeio;FIAT;STRADA FREEDOM CD13;"6790100009073916	";Tag;STRADA FREEDOM CD13;;2 eixos rodagem simples;2 eixos rodagem simples;RioSP;Rodovia Rio Santos, KM 419+900, Itaguaí - RJ;-4,10;0,00;-4,10;;Não
3cf7dfa3-763c-4515-97e4-fa999e70d9ba;26/11/2025;07:33:18;26/11/2025 07:33:37;Pedágio;;;TOJ0A45;Passeio;FIAT;FIAT ARGO;"6790100009571695	";Tag;FIAT ARGO;;2 eixos rodagem simples;2 eixos rodagem simples;Ecovias Ponte;Ponte Presidente Costa e Silva, KM 322+000, Niterói - RJ;-6,20;0,00;-6,20;;Não
a893ae72-f6f6-4da5-ab3f-98c8a0657b5a;26/11/2025;07:45:17;26/11/2025 07:46:13;Pedágio;;;RTG4I96;Passeio;FIAT;STRADA FREEDOM;"6790100005918593	";Tag;STRADA FREEDOM;;2 eixos rodagem simples;2 eixos rodagem simples;Ecovias Rio Minas;BR-493, KM 112+700, Itaguaí - RJ;-9,61;0,00;-9,61;;Não
4bda5812-2888-4970-8692-90c9b43e1261;26/11/2025;07:49:09;26/11/2025 07:49:13;Pedágio;;;NAX6H44;Passeio;RENAULT;KWID;"6790100005918650	";Tag;KWID;;2 eixos rodagem simples;2 eixos rodagem simples;Ecovias Ponte;Ponte Presidente Costa e Silva, KM 322+000, Niterói - RJ;-6,20;0,00;-6,20;;Não
f7e1017b-3d0d-4fad-b891-752bf692e65b;26/11/2025;08:45:33;26/11/2025 08:45:53;Pedágio;;;NAX6H44;Passeio;RENAULT;KWID;"6790100005918650	";Tag;KWID;;2 eixos rodagem simples;2 eixos rodagem simples;Autopista Fluminense;BR-101, KM 252+000, Rio Bonito - RJ;-7,50;0,00;-7,50;;Não
9e927eca-e437-4fef-80f5-107aa9c44679;26/11/2025;08:34:55;26/11/2025 08:57:31;Pedágio;;;TOJ0A45;Passeio;FIAT;FIAT ARGO;"6790100009571695	";Tag;FIAT ARGO;;2 eixos rodagem simples;2 eixos rodagem simples;ViaLagos;RJ-124, KM 021+500, Rio Bonito - RJ;-18,40;0,00;-18,40;;Não
7f19d3a8-b95f-4d64-94b9-cf5a2e314323;26/11/2025;09:24:31;26/11/2025 09:25:24;Pedágio;;;NAX6H44;Passeio;RENAULT;KWID;"6790100005918650	";Tag;KWID;;2 eixos rodagem simples;2 eixos rodagem simples;Autopista Fluminense;BR-101, KM 192+000, Casimiro de Abreu - RJ;-7,50;0,00;-7,50;;Não
736f0381-d258-403d-96ab-a8d1ebddb115;26/11/2025;10:33:40;26/11/2025 10:34:08;Pedágio;;;PUC3186;Passeio;FIAT;UNO VIVACE 1.0;"6790100000821776	";Tag;UNO VIVACE;;2 eixos rodagem simples;2 eixos rodagem simples;Ecovias Rio Minas;BR-116, KM 207+100, Seropédica - RJ;-13,62;0,00;-13,62;;Não
100f4791-5705-401b-8da4-4e3c872ae1fc;26/11/2025;10:44:18;26/11/2025 10:45:06;Pedágio;;;TOL4D72;Passeio;FIAT;STRADA FREEDOM CD13;"6790100009073916	";Tag;STRADA FREEDOM CD13;;2 eixos rodagem simples;2 eixos rodagem simples;Ecovias Rio Minas;BR-116, KM 207+100, Seropédica - RJ;-11,91;0,00;-11,91;;Não
416c664b-9c35-43f1-a9d0-01b50bc9189b;26/11/2025;15:18:57;26/11/2025 15:20:17;Pedágio;;;TOJ0A40;Passeio;FIAT;FIAT ARGO;"6790100009572370	";Tag;FIAT ARGO;;2 eixos rodagem simples;2 eixos rodagem simples;Ecovias Rio Minas;BR-116, KM 207+100, Seropédica - RJ;-13,62;0,00;-13,62;;Não
ae035a46-7dd6-4cba-bbff-6b03054ebe0e;26/11/2025;18:22:31;26/11/2025 18:22:59;Pedágio;;;TOL4D72;Passeio;FIAT;STRADA FREEDOM CD13;"6790100009073916	";Tag;STRADA FREEDOM CD13;;2 eixos rodagem simples;2 eixos rodagem simples;Ecovias Rio Minas;BR-116, KM 207+100, Seropédica - RJ;-14,57;0,00;-14,57;;Não
ce90241f-2930-42f9-81be-7aaae89770be;26/11/2025;18:34:52;26/11/2025 18:56:55;Pedágio;;;TOJ0A45;Passeio;FIAT;FIAT ARGO;"6790100009571695	";Tag;FIAT ARGO;;2 eixos rodagem simples;2 eixos rodagem simples;ViaLagos;RJ-124, KM 021+500, Rio Bonito - RJ;-18,40;0,00;-18,40;;Não
186bb7a1-ebfd-473c-ad24-560ecb8d3e68;26/11/2025;19:19:44;26/11/2025 19:20:38;Pedágio;;;TOJ0A45;Passeio;FIAT;FIAT ARGO;"6790100009571695	";Tag;FIAT ARGO;;2 eixos rodagem simples;2 eixos rodagem simples;Autopista Fluminense;BR-101, KM 299+000, São Gonçalo - RJ;-7,50;0,00;-7,50;;Não
93154812-eece-43ad-8d80-febd7db7b2e6;27/11/2025;07:40:50;27/11/2025 08:00:26;Pedágio;;;RTG4I96;Passeio;FIAT;STRADA FREEDOM;"6790100005918593	";Tag;STRADA FREEDOM;;2 eixos rodagem simples;2 eixos rodagem simples;RioSP;Rodovia Rio Santos, KM 419+900, Itaguaí - RJ;-3,33;0,00;-3,33;;Não
64446613-08e9-4574-9fe2-7393ef9b047d;27/11/2025;07:08:00;27/11/2025 08:17:41;Pedágio;;;QXL0J20;Passeio;RENAULT;KWID;"6790100003644134	";Tag;KWID;;2 eixos rodagem simples;2 eixos rodagem simples;ViaRio;Corredor Presidente Tancredo Neves, KM 004+500, Rio de Janeiro - RJ;-8,95;0,00;-8,95;;Não
029fa203-9385-4ebe-830b-ce35d438b548;27/11/2025;09:50:20;27/11/2025 09:50:36;Pedágio;;;TOJ0A44;Passeio;FIAT;FIAT ARGO;"6790100009571836	";Tag;FIAT ARGO;;2 eixos rodagem simples;2 eixos rodagem simples;Ecovias Ponte;Ponte Presidente Costa e Silva, KM 322+000, Niterói - RJ;-6,20;0,00;-6,20;;Não
4f8a8eff-9e1a-4e7a-8684-6ce7eb5d3c00;27/11/2025;10:25:52;27/11/2025 10:26:03;Pedágio;;;TOJ0A45;Passeio;FIAT;FIAT ARGO;"6790100009571695	";Tag;FIAT ARGO;;2 eixos rodagem simples;2 eixos rodagem simples;Ecovias Rio Minas;BR-116, KM 207+100, Seropédica - RJ;-15,58;0,00;-15,58;;Não
6cb2f129-d53d-4b62-b62d-9fdf721102d7;27/11/2025;10:43:05;27/11/2025 10:43:44;Pedágio;;;TOL4D72;Passeio;FIAT;STRADA FREEDOM CD13;"6790100009073916	";Tag;STRADA FREEDOM CD13;;2 eixos rodagem simples;2 eixos rodagem simples;Ecovias Rio Minas;BR-116, KM 207+100, Seropédica - RJ;-11,13;0,00;-11,13;;Não
9393f783-b1d0-4f72-819c-5a0bc68e070f;27/11/2025;14:31:47;27/11/2025 14:32:10;Pedágio;;;TOL4D72;Passeio;FIAT;STRADA FREEDOM CD13;"6790100009073916	";Tag;STRADA FREEDOM CD13;;2 eixos rodagem simples;2 eixos rodagem simples;Ecovias Rio Minas;BR-116, KM 208+500, Seropédica - RJ;-14,57;0,00;-14,57;;Não
77d6f838-fe23-44ea-8107-9bb1c5131005;27/11/2025;13:50:52;27/11/2025 14:35:10;Pedágio;;;RTG4I96;Passeio;FIAT;STRADA FREEDOM;"6790100005918593	";Tag;STRADA FREEDOM;;2 eixos rodagem simples;2 eixos rodagem simples;RioSP;Rodovia Rio Santos, KM 419+900, Itaguaí - RJ;-3,33;0,00;-3,33;;Não
581f14b4-09ae-4fe1-b0a8-dbab0c3b3a38;27/11/2025;14:41:20;27/11/2025 14:41:46;Pedágio;;;TOL4D72;Passeio;FIAT;STRADA FREEDOM CD13;"6790100009073916	";Tag;STRADA FREEDOM CD13;;2 eixos rodagem simples;2 eixos rodagem simples;Ecovias Rio Minas;BR-493, KM 112+700, Itaguaí - RJ;-9,61;0,00;-9,61;;Não
ef9976b8-3bbe-4690-9654-1ab07c75f4ab;27/11/2025;16:00:56;27/11/2025 16:42:05;Pedágio;;;TOJ0A44;Passeio;FIAT;FIAT ARGO;"6790100009571836	";Tag;FIAT ARGO;;2 eixos rodagem simples;2 eixos rodagem simples;ViaLagos;RJ-124, KM 021+500, Rio Bonito - RJ;-18,40;0,00;-18,40;;Não
97c82c21-d1dc-4cde-8ab3-989951bd5680;27/11/2025;18:21:38;27/11/2025 18:21:57;Pedágio;;;TOJ0A44;Passeio;FIAT;FIAT ARGO;"6790100009571836	";Tag;FIAT ARGO;;2 eixos rodagem simples;2 eixos rodagem simples;Ecovias Ponte;Ponte Presidente Costa e Silva, KM 322+000, Niterói - RJ;-6,20;0,00;-6,20;;Não
899b45fe-2401-4ca6-932e-59bc57e3d6a3;27/11/2025;16:46:53;27/11/2025 16:48:05;Pedágio;;;TOJ0A44;Passeio;FIAT;FIAT ARGO;"6790100009571836	";Tag;FIAT ARGO;;2 eixos rodagem simples;2 eixos rodagem simples;Autopista Fluminense;BR-101, KM 299+000, São Gonçalo - RJ;-7,50;0,00;-7,50;;Não
7cb07d53-c776-4685-86b6-49af224982d7;27/11/2025;15:05:57;27/11/2025 15:06:12;Pedágio;;;TOL4D70;Passeio;FIAT;STRADA FREEDOM CD13;"6790100010321288	";Tag;STRADA FREEDOM CD13;;2 eixos rodagem simples;2 eixos rodagem simples;LAMSA;Avenida Governador Carlos Lacerda, KM 004+000, Rio de Janeiro - RJ;-3,80;0,00;-3,80;;Não
d4f52ad5-21f7-45d6-89e1-fdd7ab93f715;27/11/2025;11:01:10;27/11/2025 12:18:55;Pedágio;;;TOJ0A44;Passeio;FIAT;FIAT ARGO;"6790100009571836	";Tag;FIAT ARGO;;2 eixos rodagem simples;2 eixos rodagem simples;ViaLagos;RJ-124, KM 021+500, Rio Bonito - RJ;-18,40;0,00;-18,40;;Não
ab878963-73ff-4e84-bb99-b92e9c752751;28/11/2025;06:37:18;28/11/2025 06:37:30;Pedágio;;;TOJ0A40;Passeio;FIAT;FIAT ARGO;"6790100009572370	";Tag;FIAT ARGO;;2 eixos rodagem simples;2 eixos rodagem simples;Ecovias Ponte;Ponte Presidente Costa e Silva, KM 322+000, Niterói - RJ;-6,20;0,00;-6,20;;Não
cd9eebae-9f7e-4884-9537-caec3f8fe0f3;28/11/2025;07:54:36;28/11/2025 07:54:51;Pedágio;;;RTG4I96;Passeio;FIAT;STRADA FREEDOM;"6790100005918593	";Tag;STRADA FREEDOM;;2 eixos rodagem simples;2 eixos rodagem simples;Ecovias Rio Minas;BR-493, KM 112+700, Itaguaí - RJ;-9,25;0,00;-9,25;;Não
a95820e3-582e-442e-9958-d954e3a2324f;28/11/2025;08:04:58;28/11/2025 08:06:05;Pedágio;;;TOJ0A40;Passeio;FIAT;FIAT ARGO;"6790100009572370	";Tag;FIAT ARGO;;2 eixos rodagem simples;2 eixos rodagem simples;Autopista Fluminense;BR-101, KM 252+000, Rio Bonito - RJ;-7,50;0,00;-7,50;;Não
f91202bd-2dcf-4272-a13a-5e77508e8d7e;28/11/2025;08:26:29;28/11/2025 08:26:53;Pedágio;;;TOL4D70;Passeio;FIAT;STRADA FREEDOM CD13;"6790100010321288	";Tag;STRADA FREEDOM CD13;;2 eixos rodagem simples;2 eixos rodagem simples;Ecovias Rio Minas;BR-116, KM 207+100, Seropédica - RJ;-15,58;0,00;-15,58;;Não
6ff7e380-64b8-4ab3-b02f-4c5ff8b6f3d5;28/11/2025;08:32:46;28/11/2025 08:33:18;Pedágio;;;TOL4D72;Passeio;FIAT;STRADA FREEDOM CD13;"6790100009073916	";Tag;STRADA FREEDOM CD13;;2 eixos rodagem simples;2 eixos rodagem simples;Ecovias Rio Minas;BR-493, KM 112+700, Itaguaí - RJ;-9,61;0,00;-9,61;;Não
e90cf6d7-d07e-40c5-b946-564b434bc484;28/11/2025;08:43:36;28/11/2025 08:43:54;Pedágio;;;TOL4D72;Passeio;FIAT;STRADA FREEDOM CD13;"6790100009073916	";Tag;STRADA FREEDOM CD13;;2 eixos rodagem simples;2 eixos rodagem simples;Ecovias Rio Minas;BR-116, KM 207+100, Seropédica - RJ;-10,41;0,00;-10,41;;Não
403685b4-df8d-485c-b780-ccc45979eb02;28/11/2025;08:43:42;28/11/2025 08:44:36;Pedágio;;;TOJ0A40;Passeio;FIAT;FIAT ARGO;"6790100009572370	";Tag;FIAT ARGO;;2 eixos rodagem simples;2 eixos rodagem simples;Autopista Fluminense;BR-101, KM 192+000, Casimiro de Abreu - RJ;-7,50;0,00;-7,50;;Não
01420026-7876-4272-96d5-edf02d97b9ce;28/11/2025;09:44:39;28/11/2025 09:45:11;Pedágio;;;NAX6H44;Passeio;RENAULT;KWID;"6790100005918650	";Tag;KWID;;2 eixos rodagem simples;2 eixos rodagem simples;Autopista Fluminense;BR-101, KM 192+000, Casimiro de Abreu - RJ;-7,50;0,00;-7,50;;Não
a286d386-67b5-4b8e-9f19-a0d50712e3fa;28/11/2025;10:29:13;28/11/2025 10:30:05;Pedágio;;;NAX6H44;Passeio;RENAULT;KWID;"6790100005918650	";Tag;KWID;;2 eixos rodagem simples;2 eixos rodagem simples;Autopista Fluminense;BR-101, KM 252+000, Rio Bonito - RJ;-7,50;0,00;-7,50;;Não
583bd195-a7eb-4af7-8c86-5936eb169f6f;28/11/2025;11:10:18;28/11/2025 11:11:03;Pedágio;;;NAX6H44;Passeio;RENAULT;KWID;"6790100005918650	";Tag;KWID;;2 eixos rodagem simples;2 eixos rodagem simples;Autopista Fluminense;BR-101, KM 299+000, São Gonçalo - RJ;-7,50;0,00;-7,50;;Não
07690f6d-a5b4-4df7-843a-50b85e6b4059;28/11/2025;11:30:58;28/11/2025 11:33:50;Pedágio;;;KZP9I09;Passeio;CHEVROLET;s10;"6790100001694933	";Tag;s10;;2 eixos rodagem simples;2 eixos rodagem simples;Nova 381;BR-381, KM 345+270, João Monlevade - MG;-12,26;0,00;-12,26;;Não
0f7a2803-68a9-476a-8707-df83b1886e2b;28/11/2025;12:11:29;28/11/2025 12:12:37;Pedágio;;;TOJ0A40;Passeio;FIAT;FIAT ARGO;"6790100009572370	";Tag;FIAT ARGO;;2 eixos rodagem simples;2 eixos rodagem simples;Autopista Fluminense;BR-101, KM 192+000, Casimiro de Abreu - RJ;-7,50;0,00;-7,50;;Não
c3b83b5f-aefe-4ef9-aee7-8ece5cf8d5da;28/11/2025;13:04:28;28/11/2025 13:05:09;Pedágio;;;TOJ0A40;Passeio;FIAT;FIAT ARGO;"6790100009572370	";Tag;FIAT ARGO;;2 eixos rodagem simples;2 eixos rodagem simples;Autopista Fluminense;BR-101, KM 252+000, Rio Bonito - RJ;-7,50;0,00;-7,50;;Não
22d564ff-8c56-4b59-9e53-e07565fc8286;28/11/2025;13:48:57;28/11/2025 13:49:41;Pedágio;;;TOJ0A40;Passeio;FIAT;FIAT ARGO;"6790100009572370	";Tag;FIAT ARGO;;2 eixos rodagem simples;2 eixos rodagem simples;Autopista Fluminense;BR-101, KM 299+000, São Gonçalo - RJ;-7,50;0,00;-7,50;;Não
96cbf047-6a57-4f08-9034-f84f59c049f0;28/11/2025;14:57:01;28/11/2025 14:57:26;Pedágio;;;TOJ0A45;Passeio;FIAT;FIAT ARGO;"6790100009571695	";Tag;FIAT ARGO;;2 eixos rodagem simples;2 eixos rodagem simples;Ecovias Rio Minas;BR-116, KM 207+100, Seropédica - RJ;-15,58;0,00;-15,58;;Não
1637f1b9-ef8d-4d7b-9703-99ee2041c6ee;28/11/2025;15:49:43;28/11/2025 15:50:15;Pedágio;;;QXL0J20;Passeio;RENAULT;KWID;"6790100003644134	";Tag;KWID;;2 eixos rodagem simples;2 eixos rodagem simples;Ecovias Rio Minas;BR-493, KM 112+700, Itaguaí - RJ;-9,98;0,00;-9,98;;Não
7acff377-8bc1-4871-b13d-5c0ad88f9db5;28/11/2025;16:17:57;28/11/2025 16:18:46;Pedágio;;;TOL4D70;Passeio;FIAT;STRADA FREEDOM CD13;"6790100010321288	";Tag;STRADA FREEDOM CD13;;2 eixos rodagem simples;2 eixos rodagem simples;Ecovias Rio Minas;BR-116, KM 207+100, Seropédica - RJ;-15,58;0,00;-15,58;;Não
c7183a97-2134-4dc2-8a6d-1f2df65130db;28/11/2025;16:58:13;28/11/2025 16:58:58;Pedágio;;;TOL4D72;Passeio;FIAT;STRADA FREEDOM CD13;"6790100009073916	";Tag;STRADA FREEDOM CD13;;2 eixos rodagem simples;2 eixos rodagem simples;Ecovias Rio Minas;BR-116, KM 208+500, Seropédica - RJ;-13,62;0,00;-13,62;;Não
1556f00d-e345-46a3-8e80-50d386ce3456;28/11/2025;17:07:54;28/11/2025 17:11:01;Pedágio;;;TOL4D72;Passeio;FIAT;STRADA FREEDOM CD13;"6790100009073916	";Tag;STRADA FREEDOM CD13;;2 eixos rodagem simples;2 eixos rodagem simples;Ecovias Rio Minas;BR-493, KM 112+700, Itaguaí - RJ;-9,25;0,00;-9,25;;Não
f45f84d9-eb2a-4cb9-918a-b6dc38baeea1;28/11/2025;17:47:50;28/11/2025 17:48:03;Pedágio;;;TOJ0A40;Passeio;FIAT;FIAT ARGO;"6790100009572370	";Tag;FIAT ARGO;;2 eixos rodagem simples;2 eixos rodagem simples;Ecovias Ponte;Ponte Presidente Costa e Silva, KM 322+000, Niterói - RJ;-6,20;0,00;-6,20;;Não
39afca91-29f7-4228-b07b-30ec52addb46;29/11/2025;07:38:31;29/11/2025 07:39:36;Pedágio;;;LQS5041;Passeio;FIAT;UNO;"6790100000232487	";Tag;UNO;;2 eixos rodagem simples;2 eixos rodagem simples;Ecovias Rio Minas;BR-116, KM 207+100, Seropédica - RJ;-14,57;0,00;-14,57;;Não
95693fe1-b3b7-40d8-9f5f-6e9f33b138c8;29/11/2025;16:17:31;29/11/2025 16:18:36;Pedágio;;;LQS5041;Passeio;FIAT;UNO;"6790100000232487	";Tag;UNO;;2 eixos rodagem simples;2 eixos rodagem simples;Ecovias Rio Minas;BR-116, KM 207+100, Seropédica - RJ;-14,57;0,00;-14,57;;Não